corpus,ckpt,seed,eval_sub,skew,setting,arm,n,n_pos,eer,eer_lo,eer_hi,d_vs_ref,d_lo,d_hi,d_vs_sym,dsym_lo,dsym_hi,B
df2021,deepfense_w2v2_aasist_s2,0,0,0.0,available_pool,Source,400435,389299,4.513105473305021,4.355308592290463,4.659225625416337,0.0,0.0,0.0,-1.3239125868160255,-1.5139241370861338,-1.1611650444713666,2000
df2021,deepfense_w2v2_aasist_s2,0,0,0.0,available_pool,Sym q=.3,400435,389299,5.837018060121047,5.612212063517839,6.080034640722569,1.3239125868160255,1.1611650444713664,1.5139241370861338,0.0,0.0,0.0,2000
df2021,deepfense_w2v2_aasist_s2,0,0,0.0,available_pool,BBSE,400435,389299,4.059963849906321,3.916892325096069,4.19703027583656,-0.4531416233987007,-0.5319225380382973,-0.3594482458802526,-1.7770542102147262,-1.9683615183000647,-1.6061354697075634,2000
df2021,deepfense_w2v2_aasist_s2,0,0,0.0,disjoint_eval,Source,380435,369884,4.5156400658790545,4.340967213372685,4.673545454887008,0.0,0.0,0.0,-1.3271120895133839,-1.5508887204646336,-1.1680172807037021,2000
df2021,deepfense_w2v2_aasist_s2,0,0,0.0,disjoint_eval,Sym q=.3,380435,369884,5.842752155392439,5.633014633431106,6.123069920034134,1.3271120895133839,1.1680172807037021,1.5508887204646336,0.0,0.0,0.0,2000
df2021,deepfense_w2v2_aasist_s2,0,0,0.0,disjoint_eval,BBSE,380435,369884,4.06839342712091,3.9114231990651396,4.214013335105196,-0.4472466387581454,-0.5383913562586933,-0.3479530466170692,-1.7743587282715294,-1.9956368158240712,-1.6086517714620159,2000
df2021,deepfense_w2v2_aasist_s2,1,50000,0.0,available_pool,Source,50000,48615,4.569598291738954,4.1744477817138055,4.928425087720948,0.0,0.0,0.0,-1.4994965598448324,-1.9543637294474367,-1.0875750491236131,2000
df2021,deepfense_w2v2_aasist_s2,1,50000,0.0,available_pool,Sym q=.3,50000,48615,6.069094851583786,5.529603021255453,6.5750379707740585,1.4994965598448324,1.087575049123613,1.9543637294474365,0.0,0.0,0.0,2000
df2021,deepfense_w2v2_aasist_s2,1,50000,0.0,available_pool,BBSE,50000,48615,4.313446908541387,3.819574302546581,4.758043655456571,-0.25615138319756703,-0.4970332691791075,0.016104360995838406,-1.7556479430423995,-2.2012616964897416,-1.3511743291218867,2000
df2021,deepfense_w2v2_aasist_s2,1,50000,0.0,disjoint_eval,Source,30000,29158,4.400533676849467,4.013120290308471,4.844372571795742,0.0,0.0,0.0,-1.6452599943622666,-2.1133342972008395,-1.0347851143678202,2000
df2021,deepfense_w2v2_aasist_s2,1,50000,0.0,disjoint_eval,Sym q=.3,30000,29158,6.045793671211733,5.269107830333975,6.641198858371217,1.6452599943622666,1.0347851143678186,2.1133342972008395,0.0,0.0,0.0,2000
df2021,deepfense_w2v2_aasist_s2,1,50000,0.0,disjoint_eval,BBSE,30000,29158,4.052801530825807,3.579779233281676,4.556692296905792,-0.34773214602365976,-0.6247698321054206,-0.03947533919243427,-1.992992140385926,-2.493094373903301,-1.3683178432220688,2000
df2021,deepfense_w2v2_aasist_s2,2,50000,0.0,available_pool,Source,50000,48615,4.569598291738954,4.1744477817138055,4.928425087720948,0.0,0.0,0.0,-1.702138898048585,-2.0541866307688257,-1.3652306493181543,2000
df2021,deepfense_w2v2_aasist_s2,2,50000,0.0,available_pool,Sym q=.3,50000,48615,6.271737189787539,5.776173285198556,6.668345068633727,1.702138898048585,1.365230649318154,2.0541866307688257,0.0,0.0,0.0,2000
df2021,deepfense_w2v2_aasist_s2,2,50000,0.0,available_pool,BBSE,50000,48615,4.373402913301775,3.9379714828125847,4.737481649675916,-0.1961953784371792,-0.4198816525568131,0.0406700933279483,-1.8983342764857642,-2.2392478123843826,-1.5327234617347456,2000
df2021,deepfense_w2v2_aasist_s2,2,50000,0.0,disjoint_eval,Source,30000,29161,4.722584006251625,4.290822407628129,5.420605465091665,0.0,0.0,0.0,-1.9485750233979728,-2.487156071770899,-1.4583648787277648,2000
df2021,deepfense_w2v2_aasist_s2,2,50000,0.0,disjoint_eval,Sym q=.3,30000,29161,6.671159029649598,6.1460146167708025,7.387293317621476,1.9485750233979728,1.4583648787277648,2.4871560717708983,0.0,0.0,0.0,2000
df2021,deepfense_w2v2_aasist_s2,2,50000,0.0,disjoint_eval,BBSE,30000,29161,4.670089943285568,4.2234317011675895,5.1169805227747975,-0.05249406296605752,-0.4418678525507784,0.18539421337669001,-2.0010690863640304,-2.5875812167031165,-1.5972029580984888,2000
df2021,deepfense_w2v2_aasist_s42,0,0,0.0,available_pool,Source,400435,389299,4.560814400252871,4.360677635358046,4.739231390146699,0.0,0.0,0.0,0.4620519750482256,0.3078373830299066,0.6114501694107463,2000
df2021,deepfense_w2v2_aasist_s42,0,0,0.0,available_pool,Sym q=.3,400435,389299,4.098762425204646,3.948678104995341,4.24329175664756,-0.4620519750482256,-0.6114501694107463,-0.30783738302990676,0.0,0.0,0.0,2000
df2021,deepfense_w2v2_aasist_s42,0,0,0.0,available_pool,BBSE,400435,389299,3.2992145771338555,3.1756540346367226,3.4262292011903055,-1.261599823119016,-1.3873763178081377,-1.1232068870916434,-0.7995478480707905,-0.9053365634448554,-0.6838128398165646,2000
df2021,deepfense_w2v2_aasist_s42,0,0,0.0,disjoint_eval,Source,380435,369884,4.543869042245306,4.352590587851659,4.722272758930174,0.0,0.0,0.0,0.45040264016234444,0.29653408868221076,0.606290180428942,2000
df2021,deepfense_w2v2_aasist_s42,0,0,0.0,disjoint_eval,Sym q=.3,380435,369884,4.093466402082962,3.9370316825610985,4.242395167007419,-0.45040264016234444,-0.606290180428942,-0.296534088682211,0.0,0.0,0.0,2000
df2021,deepfense_w2v2_aasist_s42,0,0,0.0,disjoint_eval,BBSE,380435,369884,3.2861864080590713,3.162684090884916,3.41418820090347,-1.257682634186235,-1.385998682631111,-1.1166778861089623,-0.8072799940238906,-0.9218859490861842,-0.6883909723918104,2000
df2021,deepfense_w2v2_aasist_s42,1,50000,0.0,available_pool,Source,50000,48615,4.4929261324989795,3.8897241202331867,4.982077522147022,0.0,0.0,0.0,0.2701056099552762,-0.2193826862167215,0.6778934897092104,2000
df2021,deepfense_w2v2_aasist_s42,1,50000,0.0,available_pool,Sym q=.3,50000,48615,4.222820522543704,3.846338235108189,4.495439630746591,-0.2701056099552762,-0.6778934897092108,0.21938268621672102,0.0,0.0,0.0,2000
df2021,deepfense_w2v2_aasist_s42,1,50000,0.0,available_pool,BBSE,50000,48615,3.322830965600046,3.002315059747543,3.768826041586067,-1.1700951668989337,-1.4427199441867127,-0.7020785242310782,-0.8999895569436576,-1.1216378175128565,-0.5347452342579005,2000
df2021,deepfense_w2v2_aasist_s42,1,50000,0.0,disjoint_eval,Source,30000,29158,4.641565562295848,3.8740077523828855,5.439793268287943,0.0,0.0,0.0,0.3065823274243811,-0.2765999785506769,0.9344583206688033,2000
df2021,deepfense_w2v2_aasist_s42,1,50000,0.0,disjoint_eval,Sym q=.3,30000,29158,4.3349832348714665,3.7991119059872887,4.720119104818329,-0.3065823274243811,-0.9344583206688036,0.27659997855067686,0.0,0.0,0.0,2000
df2021,deepfense_w2v2_aasist_s42,1,50000,0.0,disjoint_eval,BBSE,30000,29158,3.607898016749393,3.005866781615567,4.1153929811103325,-1.0336675455464546,-1.5713918072093793,-0.5466506337051298,-0.7270852181220734,-1.1660749718862295,-0.33985457745867553,2000
df2021,deepfense_w2v2_aasist_s42,2,50000,0.0,available_pool,Source,50000,48615,4.4929261324989795,3.8897241202331867,4.982077522147022,0.0,0.0,0.0,0.24344387768323802,-0.24305982211139565,0.6264529223252211,2000
df2021,deepfense_w2v2_aasist_s42,2,50000,0.0,available_pool,Sym q=.3,50000,48615,4.249482254815741,3.9109953982545416,4.641604893745344,-0.24344387768323802,-0.6264529223252214,0.24305982211139557,0.0,0.0,0.0,2000
df2021,deepfense_w2v2_aasist_s42,2,50000,0.0,available_pool,BBSE,50000,48615,3.22277197483355,2.8138602939193786,3.5965316688885287,-1.2701541576654298,-1.634358434776683,-0.8316882002472912,-1.0267102799821917,-1.3761728482585012,-0.7184214606024932,2000
df2021,deepfense_w2v2_aasist_s42,2,50000,0.0,disjoint_eval,Source,30000,29161,4.593349942300016,3.9357468527521142,5.3105586672147735,0.0,0.0,0.0,-0.05504099929712347,-0.5411130489319329,0.4984590130763181,2000
df2021,deepfense_w2v2_aasist_s42,2,50000,0.0,disjoint_eval,Sym q=.3,30000,29161,4.648390941597139,4.19235152404611,5.048821486201102,0.05504099929712347,-0.4984590130763183,0.5411130489319327,0.0,0.0,0.0,2000
df2021,deepfense_w2v2_aasist_s42,2,50000,0.0,disjoint_eval,BBSE,30000,29161,3.2770414707139817,2.8002055762800246,3.892032988556035,-1.3163084715860343,-1.7922038778990912,-0.7901616549476078,-1.3713494708831577,-1.7605232571072507,-0.886868895073407,2000
df2021,deepfense_w2v2_aasist_s240,0,0,0.0,available_pool,Source,400435,389299,3.8238752365187887,3.6341726207877754,3.9824922519282318,0.0,0.0,0.0,-0.8358397430624269,-0.9968171689475027,-0.6843347514041446,2000
df2021,deepfense_w2v2_aasist_s240,0,0,0.0,available_pool,Sym q=.3,400435,389299,4.659714979581215,4.517869464787775,4.779605082165136,0.8358397430624269,0.6843347514041445,0.9968171689475027,0.0,0.0,0.0,2000
df2021,deepfense_w2v2_aasist_s240,0,0,0.0,available_pool,BBSE,400435,389299,3.8031455690813143,3.6346448827805458,3.98331938691809,-0.02072966743747462,-0.14183614971719352,0.11952040516834403,-0.8565694104999015,-0.9859124809825679,-0.7134563520807697,2000
df2021,deepfense_w2v2_aasist_s240,0,0,0.0,disjoint_eval,Source,380435,369884,3.829770234500186,3.636873567750039,3.999217996726191,0.0,0.0,0.0,-0.8281760616550803,-0.9883633680839613,-0.672976178906932,2000
df2021,deepfense_w2v2_aasist_s240,0,0,0.0,disjoint_eval,Sym q=.3,380435,369884,4.657946296155266,4.4983705175512085,4.790647463945173,0.8281760616550803,0.672976178906932,0.9883633680839612,0.0,0.0,0.0,2000
df2021,deepfense_w2v2_aasist_s240,0,0,0.0,disjoint_eval,BBSE,380435,369884,3.832984865632131,3.6508988800513085,4.0363657649400615,0.0032146311319453114,-0.11663516008123083,0.15025360469473772,-0.824961430523135,-0.9436342468575893,-0.6651906739377789,2000
df2021,deepfense_w2v2_aasist_s240,1,50000,0.0,available_pool,Source,50000,48615,3.852453646072202,3.3952342668312165,4.210561091580465,0.0,0.0,0.0,-1.1294958124115524,-1.5288204597740587,-0.7849133736758678,2000
df2021,deepfense_w2v2_aasist_s240,1,50000,0.0,available_pool,Sym q=.3,50000,48615,4.981949458483754,4.561137006306045,5.357365176064253,1.1294958124115524,0.7849133736758666,1.5288204597740587,0.0,0.0,0.0,2000
df2021,deepfense_w2v2_aasist_s240,1,50000,0.0,available_pool,BBSE,50000,48615,3.829354689665796,3.2745690121060163,4.304790432471664,-0.023098956406406024,-0.3831827124875298,0.335215828469292,-1.1525947688179585,-1.6172019595588112,-0.7838825698447843,2000
df2021,deepfense_w2v2_aasist_s240,1,50000,0.0,disjoint_eval,Source,30000,29158,3.6880444195405233,3.299564923547548,4.147938059581417,0.0,0.0,0.0,-1.3000790958989068,-1.7814726840855104,-0.7574866084479939,2000
df2021,deepfense_w2v2_aasist_s240,1,50000,0.0,disjoint_eval,Sym q=.3,30000,29158,4.98812351543943,4.436998422979508,5.587518643922143,1.3000790958989068,0.7574866084479933,1.7814726840855104,0.0,0.0,0.0,2000
df2021,deepfense_w2v2_aasist_s240,1,50000,0.0,disjoint_eval,BBSE,30000,29158,3.570068874813969,3.1528352971678975,4.268049805615406,-0.11797554472655417,-0.4818838936867508,0.3817127241185873,-1.4180546406254608,-1.888434117119202,-0.8532339049163592,2000
df2021,deepfense_w2v2_aasist_s240,2,50000,0.0,available_pool,Source,50000,48615,3.852453646072202,3.3952342668312165,4.210561091580465,0.0,0.0,0.0,-1.201697978476534,-1.62065722793471,-0.8315474791192932,2000
df2021,deepfense_w2v2_aasist_s240,2,50000,0.0,available_pool,Sym q=.3,50000,48615,5.054151624548736,4.60610051453601,5.418350683594584,1.201697978476534,0.831547479119293,1.6206572279347096,0.0,0.0,0.0,2000
df2021,deepfense_w2v2_aasist_s240,2,50000,0.0,available_pool,BBSE,50000,48615,4.018783444359505,3.3724264222291107,4.43662681381071,0.1663297982873027,-0.24851273522931988,0.5278891161245562,-1.0353681801892314,-1.536266693791688,-0.6432501332118009,2000
df2021,deepfense_w2v2_aasist_s240,2,50000,0.0,disjoint_eval,Source,30000,29161,3.8703681496582334,3.443394619481268,4.410011918951132,0.0,0.0,0.0,-1.497042270066258,-1.9264748467811983,-0.9630913771875015,2000
df2021,deepfense_w2v2_aasist_s240,2,50000,0.0,disjoint_eval,Sym q=.3,30000,29161,5.367410419724491,4.754996345429208,5.883397789262876,1.497042270066258,0.9630913771875015,1.9264748467811983,0.0,0.0,0.0,2000
df2021,deepfense_w2v2_aasist_s240,2,50000,0.0,disjoint_eval,BBSE,30000,29161,4.1265736645117395,3.4564958283671037,4.767622787561958,0.25620551485350596,-0.27530671916571375,0.7151370679380209,-1.2408367552127522,-1.7534554856320654,-0.6936642541270446,2000
itw,deepfense_w2v2_aasist_s2,0,0,0.0,available_pool,Source,31779,11816,9.643307718775091,9.320986681658004,9.978210486106018,0.0,0.0,0.0,-0.06474186338564225,-0.18751167498733512,0.09692490663592553,2000
itw,deepfense_w2v2_aasist_s2,0,0,0.0,available_pool,Sym q=.3,31779,11816,9.708049582160733,9.361013478465226,10.040275003031589,0.06474186338564225,-0.09692490663592554,0.187511674987335,0.0,0.0,0.0,2000
itw,deepfense_w2v2_aasist_s2,0,0,0.0,available_pool,BBSE,31779,11816,9.888288653011653,9.532766334821618,10.225755641944335,0.24498093423656192,0.08346959650122783,0.36602386347460036,0.18023907085091967,0.09080893780115437,0.2714560680850217,2000
itw,deepfense_w2v2_aasist_s2,0,0,0.0,disjoint_eval,Source,11779,4397,9.726361419669466,9.143863451639122,10.281766458954213,0.0,0.0,0.0,-0.053033622404680125,-0.24565527199730935,0.22984081597952044,2000
itw,deepfense_w2v2_aasist_s2,0,0,0.0,disjoint_eval,Sym q=.3,11779,4397,9.779395042074146,9.1879932852422,10.26402920451651,0.053033622404680125,-0.22984081597952052,0.24565527199730897,0.0,0.0,0.0,2000
itw,deepfense_w2v2_aasist_s2,0,0,0.0,disjoint_eval,BBSE,11779,4397,9.905204793417992,9.360606881603902,10.452043827610387,0.17884337374852594,-0.05278966227224245,0.41607667647576857,0.1258097513438458,0.03289641403414197,0.33666800900125105,2000
itw,deepfense_w2v2_aasist_s42,0,0,0.0,available_pool,Source,31779,11816,16.5799703670664,16.103777574311128,17.03190022435082,0.0,0.0,0.0,3.995826424527915,3.6405113692097113,4.315583971375025,2000
itw,deepfense_w2v2_aasist_s42,0,0,0.0,available_pool,Sym q=.3,31779,11816,12.584143942538487,12.18678878882754,13.011204252334352,-3.995826424527915,-4.315583971375025,-3.6405113692097113,0.0,0.0,0.0,2000
itw,deepfense_w2v2_aasist_s42,0,0,0.0,available_pool,BBSE,31779,11816,14.541245126099033,14.117159652601503,14.965118765700552,-2.0387252409673677,-2.3622071220044134,-1.6875358435809218,1.9571011835605474,1.6600629891594036,2.2061087203099725,2000
itw,deepfense_w2v2_aasist_s42,0,0,0.0,disjoint_eval,Source,11779,4397,16.40323274947404,15.655198306954384,17.171429381307846,0.0,0.0,0.0,4.144874778129937,3.62495332412113,4.760499164968094,2000
itw,deepfense_w2v2_aasist_s42,0,0,0.0,disjoint_eval,Sym q=.3,11779,4397,12.258357971344102,11.500924202482215,12.917898567204912,-4.144874778129937,-4.760499164968095,-3.62495332412113,0.0,0.0,0.0,2000
itw,deepfense_w2v2_aasist_s42,0,0,0.0,disjoint_eval,BBSE,11779,4397,14.06946813923558,13.387117163291206,14.83761680027795,-2.3337646102384593,-2.8474822034779996,-1.7597371355768,1.8111101678914776,1.4233097553491563,2.3106436623580144,2000
itw,deepfense_w2v2_aasist_s240,0,0,0.0,available_pool,Source,31779,11816,8.466981297466356,8.14846721728268,8.780439831733167,0.0,0.0,0.0,0.13596213612228347,-0.01618609001328406,0.30223459222132626,2000
itw,deepfense_w2v2_aasist_s240,0,0,0.0,available_pool,Sym q=.3,31779,11816,8.331019161344072,8.01920401393011,8.633275964181745,-0.13596213612228347,-0.30223459222132637,0.016186090013284003,0.0,0.0,0.0,2000
itw,deepfense_w2v2_aasist_s240,0,0,0.0,available_pool,BBSE,31779,11816,8.475605697550584,8.149891501232409,8.784165343305672,0.008624400084228379,-0.12720468405754826,0.1248654917812516,0.14458653620651185,-0.01915360761130639,0.30011749361113105,2000
itw,deepfense_w2v2_aasist_s240,0,0,0.0,disjoint_eval,Source,11779,4397,8.715306469644682,8.169638171047763,9.20739027982699,0.0,0.0,0.0,0.19278676816772283,-0.09924096053160532,0.41548903364198003,2000
itw,deepfense_w2v2_aasist_s240,0,0,0.0,disjoint_eval,Sym q=.3,11779,4397,8.52251970147696,8.01950690869683,9.051626108710487,-0.19278676816772283,-0.41548903364198014,0.09924096053160526,0.0,0.0,0.0,2000
itw,deepfense_w2v2_aasist_s240,0,0,0.0,disjoint_eval,BBSE,11779,4397,8.695966773273902,8.187061758624962,9.205898937655636,-0.019339696370779258,-0.19176926013963802,0.20787844394703575,0.17344707179694357,-0.09616756189005135,0.42189735640028053,2000
itw,ssl_aasist_wavefake,0,0,0.0,available_pool,Source,31779,11816,5.060450924318252,4.817496868991531,5.308624784169879,0.0,0.0,0.0,0.5070270902251796,0.37705198039898424,0.589487171009671,2000
itw,ssl_aasist_wavefake,0,0,0.0,available_pool,Sym q=.3,31779,11816,4.5534238340930715,4.3429980174731515,4.823967501692616,-0.5070270902251796,-0.589487171009671,-0.3770519803989843,0.0,0.0,0.0,2000
itw,ssl_aasist_wavefake,0,0,0.0,available_pool,BBSE,31779,11816,4.5407344472765026,4.2855473896494445,4.764807809456433,-0.5197164770417491,-0.641613949367668,-0.42543029415520867,-0.012689386816569503,-0.11043253378270937,0.0,2000
itw,ssl_aasist_wavefake,0,0,0.0,disjoint_eval,Source,11779,4397,5.01539585616617,4.630188786717325,5.432132213492278,0.0,0.0,0.0,0.38250504066901503,0.22263883123625489,0.5754417259185817,2000
itw,ssl_aasist_wavefake,0,0,0.0,disjoint_eval,Sym q=.3,11779,4397,4.632890815497155,4.239796188098249,5.012191817935518,-0.38250504066901503,-0.5754417259185817,-0.2226388312362549,0.0,0.0,0.0,2000
itw,ssl_aasist_wavefake,0,0,0.0,disjoint_eval,BBSE,11779,4397,4.538065564887565,4.172311026821999,4.930971066440383,-0.4773302912786055,-0.633961099458431,-0.284444127286426,-0.09482525060959049,-0.1550529482830711,0.013546464372798939,2000
itw,ssl_aasist_wavefake,0,0,0.9,available_pool,Source,13129,11816,5.255140898705255,4.417364813404418,5.864432597105865,0.0,0.0,0.0,-0.7616146230007614,-1.2185833968012185,-0.37671545604913154,2000
itw,ssl_aasist_wavefake,0,0,0.9,available_pool,q=.02,13129,11816,5.0396699460488765,4.417364813404418,5.635948210205636,-0.21547095265637903,-0.3808073115003807,0.07616146230007628,-0.9770855756571405,-1.3859178110389867,-0.5260770316097783,2000
itw,ssl_aasist_wavefake,0,0,0.9,available_pool,q=.10,13129,11816,5.255140898705255,4.493526275704494,5.864432597105865,0.0,-0.20286783258225352,0.2608233818976458,-0.7616146230007614,-1.166268678607,-0.3808073115003807,2000
itw,ssl_aasist_wavefake,0,0,0.9,available_pool,q=.30,13129,11816,6.016755521706017,5.178979436405179,6.778370144706779,0.7616146230007614,0.3767154560491315,1.2185833968012185,0.0,0.0,0.0,2000
itw,ssl_aasist_wavefake,0,0,0.9,available_pool,BBSE,13129,11816,5.026656511805026,4.341203351104341,5.5772775047145355,-0.22848438690022885,-0.4054256475425292,0.03781130240365829,-0.9900990099009903,-1.4053810642849576,-0.5420292221269467,2000
itw,ssl_aasist_wavefake,0,0,0.9,disjoint_eval,Source,5129,4592,5.027932960893855,3.810565321171212,6.1241876624425355,0.0,0.0,0.0,-0.9310986964618246,-1.7694795546272735,-0.3361895163788699,2000
itw,ssl_aasist_wavefake,0,0,0.9,disjoint_eval,q=.02,5129,4592,4.8417132216014895,3.7243947858473,5.58659217877095,-0.1862197392923655,-0.7770780650350809,0.1862197392923655,-1.11731843575419,-1.934555830965097,-0.6825981575522863,2000
itw,ssl_aasist_wavefake,0,0,0.9,disjoint_eval,q=.10,5129,4592,4.943379790940772,4.028745644599308,5.901567944250874,-0.08455316995308326,-0.437783719170787,0.407685460875674,-1.015651866414908,-1.6300340939495301,-0.5226480836236891,2000
itw,ssl_aasist_wavefake,0,0,0.9,disjoint_eval,q=.30,5129,4592,5.95903165735568,4.8417132216014895,6.9805564627247145,0.9310986964618246,0.33618951637886973,1.7694795546272735,0.0,0.0,0.0,2000
itw,ssl_aasist_wavefake,0,0,0.9,disjoint_eval,BBSE,5129,4592,4.812717770034847,3.7243947858473,5.553680313588842,-0.2152151908590083,-0.8077194984832506,0.1862197392923648,-1.146313887320833,-1.962438012488243,-0.7065078761877367,2000
itw,ssl_aasist_wavefake,0,0,0.95,available_pool,Source,12438,11816,4.662379421221865,3.697749196141479,5.594476753121034,0.0,0.0,0.0,-0.9929660960736115,-1.546571999670438,-0.32154340836012885,2000
itw,ssl_aasist_wavefake,0,0,0.95,available_pool,q=.02,12438,11816,4.578537576167907,3.536977491961415,5.489053323547919,-0.08384184505395784,-0.38813425749919217,0.2548161251871271,-1.0768079411275693,-1.5985523599049902,-0.3883711329155025,2000
itw,ssl_aasist_wavefake,0,0,0.95,available_pool,q=.10,12438,11816,4.942450914014895,3.994372037914694,5.787781350482315,0.28007149279303045,-0.16077170418006478,0.6594285065408756,-0.7128946032805811,-1.1718122023926132,-0.16077170418006478,2000
itw,ssl_aasist_wavefake,0,0,0.95,available_pool,q=.30,12438,11816,5.655345517295476,4.492950504913375,6.591639871382636,0.9929660960736115,0.32154340836012885,1.5465719996704377,0.0,0.0,0.0,2000
itw,ssl_aasist_wavefake,0,0,0.95,available_pool,BBSE,12438,11816,4.519295870006768,3.536977491961415,5.43421249029698,-0.14308355121509728,-0.45995696837355193,0.20435960105956172,-1.1360496472887087,-1.6438550757490253,-0.42540589186441286,2000
itw,ssl_aasist_wavefake,0,0,0.95,disjoint_eval,Source,4438,4229,3.4523528020808714,2.3923444976076556,5.263157894736842,0.0,0.0,0.0,-0.6035282254089878,-1.5231534534234783,0.2780364037734683,2000
itw,ssl_aasist_wavefake,0,0,0.95,disjoint_eval,q=.02,4438,4229,3.615235635894124,2.317332702766617,5.226412863561126,0.16288283381325278,-0.5510433228003675,0.30847607886619466,-0.4406453915957349,-1.5274042535983188,0.3764288014694059,2000
itw,ssl_aasist_wavefake,0,0,0.95,disjoint_eval,q=.10,4438,4229,3.8530869761153634,2.3923444976076556,5.263157894736842,0.4007341740344922,-0.47846889952153115,0.9569377990430623,-0.20279405137449552,-1.2147247964155843,0.4784688995215315,2000
itw,ssl_aasist_wavefake,0,0,0.95,disjoint_eval,q=.30,4438,4229,4.055881027489859,2.884842752423744,5.747900344783332,0.6035282254089878,-0.27803640377346867,1.5231534534234779,0.0,0.0,0.0,2000
itw,ssl_aasist_wavefake,0,0,0.95,disjoint_eval,BBSE,4438,4229,3.6367548956315914,2.2982164289555906,5.108181603215891,0.18440209355072013,-0.6051856570207275,0.3354314445130528,-0.4191261318582676,-1.5327252822797326,0.40505803514353955,2000
itw,ssl_aasist_wavefake,0,0,0.97,available_pool,Source,12181,11816,3.7435974691172076,2.9718254758721403,5.205479452054795,0.0,0.0,0.0,-1.461881982937587,-2.3432937343182885,-0.5479452054794526,2000
itw,ssl_aasist_wavefake,0,0,0.97,available_pool,q=.02,12181,11816,3.9093100331425115,3.0972833446174723,5.188305420286067,0.16571256402530404,-0.19215207326001535,0.6129164263348345,-1.2961694189122832,-2.089055516881521,-0.5443746889845833,2000
itw,ssl_aasist_wavefake,0,0,0.97,available_pool,q=.10,12181,11816,4.657534246575342,3.287671232876712,6.027567101956019,0.9139367774581353,0.027916612688873046,1.8854412251952546,-0.5479452054794519,-1.1062136624922603,0.0,2000
itw,ssl_aasist_wavefake,0,0,0.97,available_pool,q=.30,12181,11816,5.205479452054795,4.10958904109589,6.575342465753424,1.461881982937587,0.5479452054794526,2.3432937343182885,0.0,0.0,0.0,2000
itw,ssl_aasist_wavefake,0,0,0.97,available_pool,BBSE,12181,11816,3.8356164383561646,2.896745613316203,4.931506849315069,0.09201896923895711,-0.44223693572390027,0.35434313621363706,-1.36986301369863,-2.247884809841384,-0.6130367642182517,2000
itw,ssl_aasist_wavefake,0,0,0.97,disjoint_eval,Source,4181,4057,4.838709677419355,2.7606605866403733,6.774250355009036,0.0,0.0,0.0,-1.6129032258064515,-3.7960255173366946,0.0,2000
itw,ssl_aasist_wavefake,0,0,0.97,disjoint_eval,q=.02,4181,4057,4.838709677419355,3.225806451612903,6.80603948896632,0.0,-0.25069578353042954,0.9915452618243765,-1.6129032258064515,-3.225806451612904,0.0,2000
itw,ssl_aasist_wavefake,0,0,0.97,disjoint_eval,q=.10,4181,4057,6.334730096130148,4.030990335894243,7.258064516129033,1.496020418710793,-0.15948076741121447,2.961675080372955,-0.11688280709565846,-1.8017388901471179,0.5124367377626055,2000
itw,ssl_aasist_wavefake,0,0,0.97,disjoint_eval,q=.30,4181,4057,6.451612903225806,4.032258064516129,8.426348626863676,1.6129032258064515,0.0,3.7960255173366937,0.0,0.0,0.0,2000
itw,ssl_aasist_wavefake,0,0,0.97,disjoint_eval,BBSE,4181,4057,4.838709677419355,2.7261653664950947,6.581217648508753,0.0,-0.46474033964285344,0.6120475468855556,-1.6129032258064515,-3.510557623582211,0.0,2000
