corpus,ckpt,arm,seed,eval_sub,q,skew,rule,label,nominal,actual,purity,bound,n_adapt,pi_c,excess,wrong
df2021,deepfense_w2v2_aasist_s240,source,0,0,0.3,0,symmetric,0,0.3,0.30485,0.09594882729,0.09594882729,20000,0.02925,5512,5512
df2021,deepfense_w2v2_aasist_s240,source,0,0,0.3,0,symmetric,1,0.3,0.30955,1,1,20000,0.97075,0,0
df2021,deepfense_w2v2_aasist_s240,source,0,0,0.3,0,bbse,0,0.01439759036,0.0144,0.9965277778,1,20000,0.02925,0,1
df2021,deepfense_w2v2_aasist_s240,source,0,0,0.3,0,bbse,1,0.5856024096,0.59265,1,1,20000,0.97075,0,0
df2021,deepfense_w2v2_aasist_s2,source,0,0,0.3,0,symmetric,0,0.3,0.3254,0.08988936693,0.08988936693,20000,0.02925,5923,5923
df2021,deepfense_w2v2_aasist_s2,source,0,0,0.3,0,symmetric,1,0.3,0.38145,1,1,20000,0.97075,0,0
df2021,deepfense_w2v2_aasist_s2,source,0,0,0.3,0,bbse,0,0.01703963874,0.01715,0.9941690962,1,20000,0.02925,0,2
df2021,deepfense_w2v2_aasist_s2,source,0,0,0.3,0,bbse,1,0.5829603613,0.62345,1,1,20000,0.97075,0,0
df2021,deepfense_w2v2_aasist_s2,source,0,0,0.02,0,symmetric,0,0.02,0.02,0.98,1,20000,0.02925,0,8
df2021,deepfense_w2v2_aasist_s2,source,0,0,0.02,0,symmetric,1,0.02,0.03005,1,1,20000,0.97075,0,0
df2021,deepfense_w2v2_aasist_s2,source,0,0,0.02,0,bbse,0,0.001135975916,0.0012,1,1,20000,0.02925,0,0
df2021,deepfense_w2v2_aasist_s2,source,0,0,0.02,0,bbse,1,0.03886402408,0.064,1,1,20000,0.97075,0,0
df2021,deepfense_w2v2_aasist_s2,source,0,0,0.05,0,symmetric,0,0.05,0.05005,0.5274725275,0.5844155844,20000,0.02925,416,473
df2021,deepfense_w2v2_aasist_s2,source,0,0,0.05,0,symmetric,1,0.05,0.064,1,1,20000,0.97075,0,0
df2021,deepfense_w2v2_aasist_s2,source,0,0,0.05,0,bbse,0,0.002839939789,0.0029,1,1,20000,0.02925,0,0
df2021,deepfense_w2v2_aasist_s2,source,0,0,0.05,0,bbse,1,0.09716006021,0.12015,1,1,20000,0.97075,0,0
df2021,deepfense_w2v2_aasist_s2,source,0,0,0.1,0,symmetric,0,0.1,0.10065,0.2861400894,0.2906110283,20000,0.02925,1428,1437
df2021,deepfense_w2v2_aasist_s2,source,0,0,0.1,0,symmetric,1,0.1,0.12015,1,1,20000,0.97075,0,0
df2021,deepfense_w2v2_aasist_s2,source,0,0,0.1,0,bbse,0,0.005679879579,0.0057,1,1,20000,0.02925,0,0
df2021,deepfense_w2v2_aasist_s2,source,0,0,0.1,0,bbse,1,0.1943201204,0.1957,1,1,20000,0.97075,0,0
df2021,deepfense_w2v2_aasist_s42,source,0,0,0.3,0,symmetric,0,0.3,0.35665,0.08173279125,0.08201317819,20000,0.02925,6548,6550
df2021,deepfense_w2v2_aasist_s42,source,0,0,0.3,0,symmetric,1,0.3,0.361,0.9998614958,1,20000,0.97075,0,1
df2021,deepfense_w2v2_aasist_s42,source,0,0,0.3,0,bbse,0,0.01172452408,0.01175,0.9872340426,1,20000,0.02925,0,3
df2021,deepfense_w2v2_aasist_s42,source,0,0,0.3,0,bbse,1,0.5882754759,0.63595,0.9998427549,1,20000,0.97075,0,2
itw,deepfense_w2v2_aasist_s240,source,0,0,0.3,0,symmetric,0,0.3,0.3,0.993,1,20000,0.62905,0,42
itw,deepfense_w2v2_aasist_s240,source,0,0,0.3,0,symmetric,1,0.3,0.3013,0.947892466,1,20000,0.37095,0,314
itw,deepfense_w2v2_aasist_s240,source,0,0,0.3,0,bbse,0,0.1931325301,0.19335,0.9971554176,1,20000,0.62905,0,11
itw,deepfense_w2v2_aasist_s240,source,0,0,0.3,0,bbse,1,0.4068674699,0.40725,0.8462860651,0.9108655617,20000,0.37095,726,1252
itw,deepfense_w2v2_aasist_s2,source,0,0,0.3,0,symmetric,0,0.3,0.30045,0.9936761524,1,20000,0.62905,0,38
itw,deepfense_w2v2_aasist_s2,source,0,0,0.3,0,symmetric,1,0.3,0.30065,0.9472808914,1,20000,0.37095,0,317
itw,deepfense_w2v2_aasist_s2,source,0,0,0.3,0,bbse,0,0.3321826392,0.3331,0.9923446412,1,20000,0.62905,0,51
itw,deepfense_w2v2_aasist_s2,source,0,0,0.3,0,bbse,1,0.2678173608,0.2692,0.9617384844,1,20000,0.37095,0,206
itw,deepfense_w2v2_aasist_s42,source,0,0,0.3,0,symmetric,0,0.3,0.30335,0.9522004285,1,20000,0.62905,0,290
itw,deepfense_w2v2_aasist_s42,source,0,0,0.3,0,symmetric,1,0.3,0.3036,0.9025032938,1,20000,0.37095,0,592
itw,deepfense_w2v2_aasist_s42,source,0,0,0.3,0,bbse,0,0.01259798432,0.0126,0.996031746,1,20000,0.62905,0,1
itw,deepfense_w2v2_aasist_s42,source,0,0,0.3,0,bbse,1,0.5874020157,0.5912,0.5794147497,0.6274526387,20000,0.37095,4405,4973
itw,ssl_aasist_wavefake,source,0,0,0.3,0,symmetric,0,0.3,0.30015,0.9993336665,1,20000,0.62905,0,4
itw,ssl_aasist_wavefake,source,0,0,0.3,0,symmetric,1,0.3,0.30145,0.9591972135,1,20000,0.37095,0,246
itw,ssl_aasist_wavefake,source,0,0,0.3,0,bbse,0,0.2399083036,0.24025,0.9997918835,1,20000,0.62905,0,1
itw,ssl_aasist_wavefake,source,0,0,0.3,0,bbse,1,0.3600916964,0.36065,0.9401081381,1,20000,0.37095,0,432
itw,ssl_aasist_wavefake,source,0,0,0.02,0.01,symmetric,0,0.02,0.020375,1,1,8000,0.989125,0,0
itw,ssl_aasist_wavefake,source,0,0,0.02,0.01,symmetric,1,0.02,0.020625,0.3333333333,0.5272727273,8000,0.010875,78,110
itw,ssl_aasist_wavefake,source,0,0,0.02,0.01,bbse,0,0.0256444218,0.026375,1,1,8000,0.989125,0,0
itw,ssl_aasist_wavefake,source,0,0,0.02,0.01,bbse,1,0.0143555782,0.014375,0.4,0.7565217391,8000,0.010875,28,69
itw,ssl_aasist_wavefake,source,0,0,0.02,0.02,symmetric,0,0.02,0.02075,1,1,8000,0.978625,0,0
itw,ssl_aasist_wavefake,source,0,0,0.02,0.02,symmetric,1,0.02,0.020125,0.6149068323,1,8000,0.021375,0,62
itw,ssl_aasist_wavefake,source,0,0,0.02,0.02,bbse,0,0.02524197657,0.02625,1,1,8000,0.978625,0,0
itw,ssl_aasist_wavefake,source,0,0,0.02,0.02,bbse,1,0.01475802343,0.015,0.6916666667,1,8000,0.021375,0,37
itw,ssl_aasist_wavefake,source,0,0,0.02,0.05,symmetric,0,0.02,0.0205,1,1,8000,0.951125,0,0
itw,ssl_aasist_wavefake,source,0,0,0.02,0.05,symmetric,1,0.02,0.020875,0.8323353293,1,8000,0.048875,0,28
itw,ssl_aasist_wavefake,source,0,0,0.02,0.05,bbse,0,0.02442180336,0.025875,1,1,8000,0.951125,0,0
itw,ssl_aasist_wavefake,source,0,0,0.02,0.05,bbse,1,0.01557819664,0.01675,0.8582089552,1,8000,0.048875,0,19
itw,ssl_aasist_wavefake,source,0,0,0.02,0.1,symmetric,0,0.02,0.020125,1,1,8000,0.9035,0,0
itw,ssl_aasist_wavefake,source,0,0,0.02,0.1,symmetric,1,0.02,0.021875,0.9314285714,1,8000,0.0965,0,12
itw,ssl_aasist_wavefake,source,0,0,0.02,0.1,bbse,0,0.02352012226,0.024,1,1,8000,0.9035,0,0
itw,ssl_aasist_wavefake,source,0,0,0.02,0.1,bbse,1,0.01647987774,0.018875,0.940397351,1,8000,0.0965,0,9
itw,ssl_aasist_wavefake,source,0,0,0.02,0.9,symmetric,0,0.02,0.020125,1,1,8000,0.097,0,0
itw,ssl_aasist_wavefake,source,0,0,0.02,0.9,symmetric,1,0.02,0.021875,1,1,8000,0.903,0,0
itw,ssl_aasist_wavefake,source,0,0,0.02,0.9,bbse,0,0.001879775853,0.002125,1,1,8000,0.097,0,0
itw,ssl_aasist_wavefake,source,0,0,0.02,0.9,bbse,1,0.03812022415,0.039,1,1,8000,0.903,0,0
itw,ssl_aasist_wavefake,source,0,0,0.02,0.95,symmetric,0,0.02,0.02,0.99375,1,8000,0.051625,0,1
itw,ssl_aasist_wavefake,source,0,0,0.02,0.95,symmetric,1,0.02,0.021,1,1,8000,0.948375,0,0
itw,ssl_aasist_wavefake,source,0,0,0.02,0.95,bbse,0,0.0006571574121,0.00075,1,1,8000,0.051625,0,0
itw,ssl_aasist_wavefake,source,0,0,0.02,0.95,bbse,1,0.03934284259,0.050125,1,1,8000,0.948375,0,0
itw,ssl_aasist_wavefake,source,0,0,0.02,0.97,symmetric,0,0.02,0.02,0.96875,1,8000,0.030125,0,5
itw,ssl_aasist_wavefake,source,0,0,0.02,0.97,symmetric,1,0.02,0.028625,1,1,8000,0.969875,0,0
itw,ssl_aasist_wavefake,source,0,0,0.02,0.97,bbse,0,6.622516556e-05,0.000125,1,1,8000,0.030125,0,0
itw,ssl_aasist_wavefake,source,0,0,0.02,0.97,bbse,1,0.03993377483,0.0525,1,1,8000,0.969875,0,0
itw,ssl_aasist_wavefake,source,0,0,0.1,0.01,symmetric,0,0.1,0.100375,1,1,8000,0.989125,0,0
itw,ssl_aasist_wavefake,source,0,0,0.1,0.01,symmetric,1,0.1,0.100125,0.1073657928,0.1086142322,8000,0.010875,714,715
itw,ssl_aasist_wavefake,source,0,0,0.1,0.01,bbse,0,0.128222109,0.128875,1,1,8000,0.989125,0,0
itw,ssl_aasist_wavefake,source,0,0,0.1,0.01,bbse,1,0.07177789098,0.072,0.1440972222,0.1510416667,8000,0.010875,489,493
itw,ssl_aasist_wavefake,source,0,0,0.1,0.02,symmetric,0,0.1,0.100375,1,1,8000,0.978625,0,0
itw,ssl_aasist_wavefake,source,0,0,0.1,0.02,symmetric,1,0.1,0.100625,0.2062111801,0.2124223602,8000,0.021375,634,639
itw,ssl_aasist_wavefake,source,0,0,0.1,0.02,bbse,0,0.1262098828,0.126625,1,1,8000,0.978625,0,0
itw,ssl_aasist_wavefake,source,0,0,0.1,0.02,bbse,1,0.07379011717,0.074375,0.2722689076,0.287394958,8000,0.021375,424,433
itw,ssl_aasist_wavefake,source,0,0,0.1,0.05,symmetric,0,0.1,0.100375,1,1,8000,0.951125,0,0
itw,ssl_aasist_wavefake,source,0,0,0.1,0.05,symmetric,1,0.1,0.10025,0.463840399,0.4875311721,8000,0.048875,411,430
itw,ssl_aasist_wavefake,source,0,0,0.1,0.05,bbse,0,0.1221090168,0.12275,1,1,8000,0.951125,0,0
itw,ssl_aasist_wavefake,source,0,0,0.1,0.05,bbse,1,0.07789098319,0.078375,0.5757575758,0.6236044657,8000,0.048875,236,266
itw,ssl_aasist_wavefake,source,0,0,0.1,0.1,symmetric,0,0.1,0.10025,1,1,8000,0.9035,0,0
itw,ssl_aasist_wavefake,source,0,0,0.1,0.1,symmetric,1,0.1,0.10075,0.7816377171,0.9578163772,8000,0.0965,34,176
itw,ssl_aasist_wavefake,source,0,0,0.1,0.1,bbse,0,0.1176006113,0.118125,1,1,8000,0.9035,0,0
itw,ssl_aasist_wavefake,source,0,0,0.1,0.1,bbse,1,0.08239938869,0.083375,0.8290854573,1,8000,0.0965,0,114
itw,ssl_aasist_wavefake,source,0,0,0.1,0.9,symmetric,0,0.1,0.1,0.85625,0.97,8000,0.097,24,115
itw,ssl_aasist_wavefake,source,0,0,0.1,0.9,symmetric,1,0.1,0.11675,1,1,8000,0.903,0,0
itw,ssl_aasist_wavefake,source,0,0,0.1,0.9,bbse,0,0.009398879266,0.009625,1,1,8000,0.097,0,0
itw,ssl_aasist_wavefake,source,0,0,0.1,0.9,bbse,1,0.1906011207,0.212375,0.9982342554,1,8000,0.903,0,3
itw,ssl_aasist_wavefake,source,0,0,0.1,0.95,symmetric,0,0.1,0.100875,0.4869888476,0.511771995,8000,0.051625,394,414
itw,ssl_aasist_wavefake,source,0,0,0.1,0.95,symmetric,1,0.1,0.121,1,1,8000,0.948375,0,0
itw,ssl_aasist_wavefake,source,0,0,0.1,0.95,bbse,0,0.003285787061,0.003375,1,1,8000,0.051625,0,0
itw,ssl_aasist_wavefake,source,0,0,0.1,0.95,bbse,1,0.1967142129,0.22675,0.9994487321,1,8000,0.948375,0,1
itw,ssl_aasist_wavefake,source,0,0,0.1,0.97,symmetric,0,0.1,0.100375,0.295143213,0.300124533,8000,0.030125,562,566
itw,ssl_aasist_wavefake,source,0,0,0.1,0.97,symmetric,1,0.1,0.105125,1,1,8000,0.969875,0,0
itw,ssl_aasist_wavefake,source,0,0,0.1,0.97,bbse,0,0.0003311258278,0.000375,1,1,8000,0.030125,0,0
itw,ssl_aasist_wavefake,source,0,0,0.1,0.97,bbse,1,0.1996688742,0.202375,0.9993823348,1,8000,0.969875,0,1
itw,ssl_aasist_wavefake,source,0,0,0.3,0.01,symmetric,0,0.3,0.300125,1,1,8000,0.989125,0,0
itw,ssl_aasist_wavefake,source,0,0,0.3,0.01,symmetric,1,0.3,0.3,0.03625,0.03625,8000,0.010875,2313,2313
itw,ssl_aasist_wavefake,source,0,0,0.3,0.01,bbse,0,0.3846663271,0.384625,1,1,8000,0.989125,0,0
itw,ssl_aasist_wavefake,source,0,0,0.3,0.01,bbse,1,0.2153336729,0.215375,0.05049332559,0.05049332559,8000,0.010875,1636,1636
itw,ssl_aasist_wavefake,source,0,0,0.3,0.02,symmetric,0,0.3,0.30025,1,1,8000,0.978625,0,0
itw,ssl_aasist_wavefake,source,0,0,0.3,0.02,symmetric,1,0.3,0.3,0.07125,0.07125,8000,0.021375,2229,2229
itw,ssl_aasist_wavefake,source,0,0,0.3,0.02,bbse,0,0.3786296485,0.378875,1,1,8000,0.978625,0,0
itw,ssl_aasist_wavefake,source,0,0,0.3,0.02,bbse,1,0.2213703515,0.222125,0.09622960045,0.09622960045,8000,0.021375,1606,1606
itw,ssl_aasist_wavefake,source,0,0,0.3,0.05,symmetric,0,0.3,0.30025,1,1,8000,0.951125,0,0
itw,ssl_aasist_wavefake,source,0,0,0.3,0.05,symmetric,1,0.3,0.3,0.1620833333,0.1629166667,8000,0.048875,2009,2011
itw,ssl_aasist_wavefake,source,0,0,0.3,0.05,bbse,0,0.3663270504,0.366375,1,1,8000,0.951125,0,0
itw,ssl_aasist_wavefake,source,0,0,0.3,0.05,bbse,1,0.2336729496,0.23375,0.207486631,0.2090909091,8000,0.048875,1479,1482
itw,ssl_aasist_wavefake,source,0,0,0.3,0.1,symmetric,0,0.3,0.300125,1,1,8000,0.9035,0,0
itw,ssl_aasist_wavefake,source,0,0,0.3,0.1,symmetric,1,0.3,0.300125,0.3202832153,0.3215326947,8000,0.0965,1629,1632
itw,ssl_aasist_wavefake,source,0,0,0.3,0.1,bbse,0,0.3528018339,0.353375,1,1,8000,0.9035,0,0
itw,ssl_aasist_wavefake,source,0,0,0.3,0.1,bbse,1,0.2471981661,0.2475,0.3868686869,0.3898989899,8000,0.0965,1208,1214
itw,ssl_aasist_wavefake,source,0,0,0.3,0.9,symmetric,0,0.3,0.303,0.3135313531,0.3201320132,8000,0.097,1648,1664
itw,ssl_aasist_wavefake,source,0,0,0.3,0.9,symmetric,1,0.3,0.319,0.9980407524,1,8000,0.903,0,5
itw,ssl_aasist_wavefake,source,0,0,0.3,0.9,bbse,0,0.0281966378,0.02825,1,1,8000,0.097,0,0
itw,ssl_aasist_wavefake,source,0,0,0.3,0.9,bbse,1,0.5718033622,0.576375,0.997831273,1,8000,0.903,0,10
itw,ssl_aasist_wavefake,source,0,0,0.3,0.95,symmetric,0,0.3,0.304875,0.1672816728,0.1693316933,8000,0.051625,2026,2031
itw,ssl_aasist_wavefake,source,0,0,0.3,0.95,symmetric,1,0.3,0.30825,0.999594485,1,8000,0.948375,0,1
itw,ssl_aasist_wavefake,source,0,0,0.3,0.95,bbse,0,0.009857361182,0.009875,1,1,8000,0.051625,0,0
itw,ssl_aasist_wavefake,source,0,0,0.3,0.95,bbse,1,0.5901426388,0.607125,0.9995882232,1,8000,0.948375,0,2
itw,ssl_aasist_wavefake,source,0,0,0.3,0.97,symmetric,0,0.3,0.306,0.09803921569,0.09844771242,8000,0.030125,2207,2208
itw,ssl_aasist_wavefake,source,0,0,0.3,0.97,symmetric,1,0.3,0.311125,0.9995982322,1,8000,0.969875,0,1
itw,ssl_aasist_wavefake,source,0,0,0.3,0.97,bbse,0,0.0009933774834,0.001,1,1,8000,0.030125,0,0
itw,ssl_aasist_wavefake,source,0,0,0.3,0.97,bbse,1,0.5990066225,0.616375,0.9997972014,1,8000,0.969875,0,1
