corpus,ckpt,arm,seed,eval_sub,q,skew,rule,setting,pi_hat,n,prior,eer,legacy_eer,auc,accuracy,balanced_accuracy,fpr,fnr,oracle_accuracy,threshold_gap,threshold,exact_one_pct,near_one_pct,largest_tie_pct,n_unique
df2021,deepfense_w2v2_aasist_s240,source,0,0,0.3,0,median,available_pool,0.9760040161,400435,0.9721902431,3.823875237,3.824233579,0.9942725221,53.46210996,76.05671769,0.01795977011,47.86860485,99.11296465,45.6508547,0.9998859167,0,0,1.453419406,4131
df2021,deepfense_w2v2_aasist_s240,source,0,0,0.3,0,median,disjoint_eval,0.9760040161,380435,0.9722659587,3.829770235,3.830524246,0.994224211,53.48955801,76.0722127,0.01895554924,47.83661905,99.11154336,45.62198536,0.9998859167,0,0,1.455439168,4034
df2021,deepfense_w2v2_aasist_s240,source,0,0,0.3,0,bbse_quantile,available_pool,0.9760040161,400435,0.9721902431,3.823875237,3.824233579,0.9942725221,99.11271492,87.10901179,25.6016523,0.180324121,99.11296465,0.0002497284203,0.5130575299,0,0,1.453419406,4131
df2021,deepfense_w2v2_aasist_s240,source,0,0,0.3,0,bbse_quantile,disjoint_eval,0.9760040161,380435,0.9722659587,3.829770235,3.830524246,0.994224211,99.11101765,87.05296497,25.71320254,0.1808675152,99.11154336,0.0005257139853,0.5130575299,0,0,1.455439168,4034
df2021,deepfense_w2v2_aasist_s240,source,1,50000,0.3,0,median,available_pool,0.9781626506,50000,0.9723,3.852453646,3.846917002,0.9939446049,53.466,76.03507037,0.07220216606,47.8576571,99.084,45.618,0.9998859167,0,0,1.482,1552
df2021,deepfense_w2v2_aasist_s240,source,1,50000,0.3,0,median,disjoint_eval,0.9781626506,30000,0.9719333333,3.68804442,3.6859748,0.9942121587,53.36333333,76.00829961,0,47.98340078,99.07666667,45.71333333,0.9998859167,0,0,1.5,1206
df2021,deepfense_w2v2_aasist_s240,source,1,50000,0.3,0,bbse_quantile,available_pool,0.9781626506,50000,0.9723,3.852453646,3.846917002,0.9939446049,99.05,86.35924495,27.07581227,0.2056978299,99.084,0.034,0.5167665482,0,0,1.482,1552
df2021,deepfense_w2v2_aasist_s240,source,1,50000,0.3,0,bbse_quantile,disjoint_eval,0.9781626506,30000,0.9719333333,3.68804442,3.6859748,0.9942121587,99.04333333,86.35963468,27.0783848,0.2023458399,99.07666667,0.03333333333,0.5167665482,0,0,1.5,1206
df2021,deepfense_w2v2_aasist_s240,source,2,50000,0.3,0,median,available_pool,0.9770582329,50000,0.9723,3.852453646,3.846917002,0.9939446049,53.466,76.03507037,0.07220216606,47.8576571,99.084,45.618,0.9998859167,0,0,1.482,1552
df2021,deepfense_w2v2_aasist_s240,source,2,50000,0.3,0,median,disjoint_eval,0.9770582329,30000,0.9720333333,3.87036815,3.846266089,0.9932617523,53.65,76.10034489,0.1191895113,47.68012071,99.04333333,45.39333333,0.9998859167,0,0,1.533333333,1217
df2021,deepfense_w2v2_aasist_s240,source,2,50000,0.3,0,bbse_quantile,available_pool,0.9770582329,50000,0.9723,3.852453646,3.846917002,0.9939446049,99.054,86.36130193,27.07581227,0.2015838733,99.084,0.03,0.5144612193,0,0,1.482,1552
df2021,deepfense_w2v2_aasist_s240,source,2,50000,0.3,0,bbse_quantile,disjoint_eval,0.9770582329,30000,0.9720333333,3.87036815,3.846266089,0.9932617523,99.02,85.48890895,28.84386174,0.1783203594,99.04333333,0.02333333333,0.5144612193,0,0,1.533333333,1217
df2021,deepfense_w2v2_aasist_s2,source,0,0,0.3,0,median,available_pool,0.9716006021,400435,0.9721902431,4.513105473,4.510073589,0.9923184435,59.0597725,78.94433328,0,42.11133345,99.06701462,40.00724212,0.9998840094,0,0,9.824066328,2762
df2021,deepfense_w2v2_aasist_s2,source,0,0,0.3,0,median,disjoint_eval,0.9716006021,380435,0.9722659587,4.515640066,4.51519485,0.9922868153,59.10102909,78.96718971,0,42.06562057,99.07053767,39.96950859,0.9998840094,0,0,9.848988658,2693
df2021,deepfense_w2v2_aasist_s2,source,0,0,0.3,0,bbse_quantile,available_pool,0.9716006021,400435,0.9721902431,4.513105473,4.510073589,0.9923184435,98.88046749,88.19334213,23.12320402,0.4901117136,99.06701462,0.18654713,0.4509344697,0,0,9.824066328,2762
df2021,deepfense_w2v2_aasist_s2,source,0,0,0.3,0,bbse_quantile,disjoint_eval,0.9716006021,380435,0.9722659587,4.515640066,4.51519485,0.9922868153,98.88706349,88.18539908,23.14472562,0.4844762142,99.07053767,0.1834741809,0.4509344697,0,0,9.848988658,2693
df2021,deepfense_w2v2_aasist_s2,source,0,0,0.02,0,median,available_pool,0.9716006021,400435,0.9721902431,4.513105473,4.510073589,0.9923184435,59.0597725,78.94433328,0,42.11133345,99.06701462,40.00724212,0.9998840094,0,0,9.824066328,2762
df2021,deepfense_w2v2_aasist_s2,source,0,0,0.02,0,median,disjoint_eval,0.9716006021,380435,0.9722659587,4.515640066,4.51519485,0.9922868153,59.10102909,78.96718971,0,42.06562057,99.07053767,39.96950859,0.9998840094,0,0,9.848988658,2693
df2021,deepfense_w2v2_aasist_s2,source,0,0,0.02,0,bbse_quantile,available_pool,0.9716006021,400435,0.9721902431,4.513105473,4.510073589,0.9923184435,98.88046749,88.19334213,23.12320402,0.4901117136,99.06701462,0.18654713,0.4509344697,0,0,9.824066328,2762
df2021,deepfense_w2v2_aasist_s2,source,0,0,0.02,0,bbse_quantile,disjoint_eval,0.9716006021,380435,0.9722659587,4.515640066,4.51519485,0.9922868153,98.88706349,88.18539908,23.14472562,0.4844762142,99.07053767,0.1834741809,0.4509344697,0,0,9.848988658,2693
df2021,deepfense_w2v2_aasist_s2,source,0,0,0.02,0.01,median,available_pool,0.2448569995,11248,0.009957325747,4.464285714,4.468134236,0.9940772847,50.41785206,74.95959052,50.08081897,0,99.61770982,49.19985775,0.009936418384,0,0,0.8179231863,1485
df2021,deepfense_w2v2_aasist_s2,source,0,0,0.02,0.01,median,disjoint_eval,0.2448569995,3248,0.01077586207,5.714285714,5.736072207,0.9892979414,49.93842365,74.69654528,50.60690943,0,99.59975369,49.66133005,0.009936418384,0,0,0.8928571429,850
df2021,deepfense_w2v2_aasist_s2,source,0,0,0.02,0.01,bbse_quantile,available_pool,0.2448569995,11248,0.009957325747,4.464285714,4.468134236,0.9940772847,76.76920341,88.26778017,23.46443966,0,99.61770982,22.8485064,0.5759657025,0,0,0.8179231863,1485
df2021,deepfense_w2v2_aasist_s2,source,0,0,0.02,0.01,bbse_quantile,disjoint_eval,0.2448569995,3248,0.01077586207,5.714285714,5.736072207,0.9892979414,77.49384236,88.62433862,22.75132275,0,99.59975369,22.10591133,0.5759657025,0,0,0.8928571429,850
df2021,deepfense_w2v2_aasist_s2,source,0,0,0.02,0.1,median,available_pool,0.3089563472,12373,0.09997575366,4.636807877,4.643221254,0.9921618017,59.51668957,77.50987787,44.98024425,0,98.11686737,38.60017781,0.01115803048,0,0,1.074921199,1501
df2021,deepfense_w2v2_aasist_s2,source,0,0,0.02,0.1,median,disjoint_eval,0.3089563472,4373,0.1051909444,4.565217391,4.531522572,0.9919529661,59.4328836,77.33197036,45.33605929,0,98.07912188,38.64623828,0.01115803048,0,0,1.097644638,939
df2021,deepfense_w2v2_aasist_s2,source,0,0,0.02,0.1,bbse_quantile,available_pool,0.3089563472,12373,0.09997575366,4.636807877,4.643221254,0.9921618017,78.9460923,88.159978,23.35668103,0.3233629749,98.11686737,19.17077507,0.5659375191,0,0,1.074921199,1501
df2021,deepfense_w2v2_aasist_s2,source,0,0,0.02,0.1,bbse_quantile,disjoint_eval,0.3089563472,4373,0.1051909444,4.565217391,4.531522572,0.9919529661,79.37342785,88.47431638,23.05136724,0,98.07912188,18.70569403,0.5659375191,0,0,1.097644638,939
df2021,deepfense_w2v2_aasist_s2,source,0,0,0.02,0.5,median,available_pool,0.6150275966,22272,0.5,4.62164751,4.63362069,0.9919080882,95.50556753,95.50556753,3.83441092,5.154454023,95.51005747,0.004489942529,0.9997040629,0,0,4.961386494,1568
df2021,deepfense_w2v2_aasist_s2,source,0,0,0.02,0.5,median,disjoint_eval,0.6150275966,14272,0.4973374439,4.594063728,4.5826783,0.992195065,95.59276906,95.58850237,3.61025927,5.212735982,95.59276906,0,0.9997040629,0,0,4.9257287,1284
df2021,deepfense_w2v2_aasist_s2,source,0,0,0.02,0.5,bbse_quantile,available_pool,0.6150275966,22272,0.5,4.62164751,4.63362069,0.9919080882,88.2183908,88.2183908,23.0154454,0.5477729885,95.51005747,7.291666667,0.5641297698,0,0,4.961386494,1568
df2021,deepfense_w2v2_aasist_s2,source,0,0,0.02,0.5,bbse_quantile,disjoint_eval,0.6150275966,14272,0.4973374439,4.594063728,4.5826783,0.992195065,88.14461883,88.20472916,23.08335657,0.5071851226,95.59276906,7.448150224,0.5641297698,0,0,4.9257287,1284
df2021,deepfense_w2v2_aasist_s2,source,0,0,0.02,0.9,median,available_pool,0.9165830406,111360,0.9,4.587214151,4.587224617,0.9920694526,61.6954023,78.71966794,0,42.56066411,97.20905172,35.51364943,0.9998840094,0,0,9.075071839,1990
df2021,deepfense_w2v2_aasist_s2,source,0,0,0.02,0.9,median,disjoint_eval,0.9165830406,103360,0.9000386997,4.56789522,4.566809703,0.9921001871,61.6747291,78.70909834,0,42.58180333,97.20684985,35.53212074,0.9998840094,0,0,9.016060372,1923
df2021,deepfense_w2v2_aasist_s2,source,0,0,0.02,0.9,bbse_quantile,available_pool,0.9165830406,111360,0.9,4.587214151,4.587224617,0.9920694526,97.20186782,88.18047573,23.09626437,0.5427841635,97.20905172,0.007183908046,0.4725465477,0,0,9.075071839,1990
df2021,deepfense_w2v2_aasist_s2,source,0,0,0.02,0.9,bbse_quantile,disjoint_eval,0.9165830406,103360,0.9000386997,4.56789522,4.566809703,0.9921001871,97.19814241,88.14482291,23.17073171,0.5396224793,97.20684985,0.008707430341,0.4725465477,0,0,9.016060372,1923
df2021,deepfense_w2v2_aasist_s2,source,0,0,0.05,0,median,available_pool,0.9716006021,400435,0.9721902431,4.513105473,4.510073589,0.9923184435,59.0597725,78.94433328,0,42.11133345,99.06701462,40.00724212,0.9998840094,0,0,9.824066328,2762
df2021,deepfense_w2v2_aasist_s2,source,0,0,0.05,0,median,disjoint_eval,0.9716006021,380435,0.9722659587,4.515640066,4.51519485,0.9922868153,59.10102909,78.96718971,0,42.06562057,99.07053767,39.96950859,0.9998840094,0,0,9.848988658,2693
df2021,deepfense_w2v2_aasist_s2,source,0,0,0.05,0,bbse_quantile,available_pool,0.9716006021,400435,0.9721902431,4.513105473,4.510073589,0.9923184435,98.88046749,88.19334213,23.12320402,0.4901117136,99.06701462,0.18654713,0.4509344697,0,0,9.824066328,2762
df2021,deepfense_w2v2_aasist_s2,source,0,0,0.05,0,bbse_quantile,disjoint_eval,0.9716006021,380435,0.9722659587,4.515640066,4.51519485,0.9922868153,98.88706349,88.18539908,23.14472562,0.4844762142,99.07053767,0.1834741809,0.4509344697,0,0,9.848988658,2693
df2021,deepfense_w2v2_aasist_s2,source,0,0,0.1,0,median,available_pool,0.9716006021,400435,0.9721902431,4.513105473,4.510073589,0.9923184435,59.0597725,78.94433328,0,42.11133345,99.06701462,40.00724212,0.9998840094,0,0,9.824066328,2762
df2021,deepfense_w2v2_aasist_s2,source,0,0,0.1,0,median,disjoint_eval,0.9716006021,380435,0.9722659587,4.515640066,4.51519485,0.9922868153,59.10102909,78.96718971,0,42.06562057,99.07053767,39.96950859,0.9998840094,0,0,9.848988658,2693
df2021,deepfense_w2v2_aasist_s2,source,0,0,0.1,0,bbse_quantile,available_pool,0.9716006021,400435,0.9721902431,4.513105473,4.510073589,0.9923184435,98.88046749,88.19334213,23.12320402,0.4901117136,99.06701462,0.18654713,0.4509344697,0,0,9.824066328,2762
df2021,deepfense_w2v2_aasist_s2,source,0,0,0.1,0,bbse_quantile,disjoint_eval,0.9716006021,380435,0.9722659587,4.515640066,4.51519485,0.9922868153,98.88706349,88.18539908,23.14472562,0.4844762142,99.07053767,0.1834741809,0.4509344697,0,0,9.848988658,2693
df2021,deepfense_w2v2_aasist_s2,source,0,0,0.15,0.01,median,available_pool,0.2448569995,11248,0.009957325747,4.464285714,4.468134236,0.9940772847,50.41785206,74.95959052,50.08081897,0,99.61770982,49.19985775,0.009936418384,0,0,0.8179231863,1485
df2021,deepfense_w2v2_aasist_s2,source,0,0,0.15,0.01,median,disjoint_eval,0.2448569995,3248,0.01077586207,5.714285714,5.736072207,0.9892979414,49.93842365,74.69654528,50.60690943,0,99.59975369,49.66133005,0.009936418384,0,0,0.8928571429,850
df2021,deepfense_w2v2_aasist_s2,source,0,0,0.15,0.01,bbse_quantile,available_pool,0.2448569995,11248,0.009957325747,4.464285714,4.468134236,0.9940772847,76.76920341,88.26778017,23.46443966,0,99.61770982,22.8485064,0.5759657025,0,0,0.8179231863,1485
df2021,deepfense_w2v2_aasist_s2,source,0,0,0.15,0.01,bbse_quantile,disjoint_eval,0.2448569995,3248,0.01077586207,5.714285714,5.736072207,0.9892979414,77.49384236,88.62433862,22.75132275,0,99.59975369,22.10591133,0.5759657025,0,0,0.8928571429,850
df2021,deepfense_w2v2_aasist_s2,source,0,0,0.15,0.1,median,available_pool,0.3089563472,12373,0.09997575366,4.636807877,4.643221254,0.9921618017,59.51668957,77.50987787,44.98024425,0,98.11686737,38.60017781,0.01115803048,0,0,1.074921199,1501
df2021,deepfense_w2v2_aasist_s2,source,0,0,0.15,0.1,median,disjoint_eval,0.3089563472,4373,0.1051909444,4.565217391,4.531522572,0.9919529661,59.4328836,77.33197036,45.33605929,0,98.07912188,38.64623828,0.01115803048,0,0,1.097644638,939
df2021,deepfense_w2v2_aasist_s2,source,0,0,0.15,0.1,bbse_quantile,available_pool,0.3089563472,12373,0.09997575366,4.636807877,4.643221254,0.9921618017,78.9460923,88.159978,23.35668103,0.3233629749,98.11686737,19.17077507,0.5659375191,0,0,1.074921199,1501
df2021,deepfense_w2v2_aasist_s2,source,0,0,0.15,0.1,bbse_quantile,disjoint_eval,0.3089563472,4373,0.1051909444,4.565217391,4.531522572,0.9919529661,79.37342785,88.47431638,23.05136724,0,98.07912188,18.70569403,0.5659375191,0,0,1.097644638,939
df2021,deepfense_w2v2_aasist_s2,source,0,0,0.15,0.5,median,available_pool,0.6150275966,22272,0.5,4.62164751,4.63362069,0.9919080882,95.50556753,95.50556753,3.83441092,5.154454023,95.51005747,0.004489942529,0.9997040629,0,0,4.961386494,1568
df2021,deepfense_w2v2_aasist_s2,source,0,0,0.15,0.5,median,disjoint_eval,0.6150275966,14272,0.4973374439,4.594063728,4.5826783,0.992195065,95.59276906,95.58850237,3.61025927,5.212735982,95.59276906,0,0.9997040629,0,0,4.9257287,1284
df2021,deepfense_w2v2_aasist_s2,source,0,0,0.15,0.5,bbse_quantile,available_pool,0.6150275966,22272,0.5,4.62164751,4.63362069,0.9919080882,88.2183908,88.2183908,23.0154454,0.5477729885,95.51005747,7.291666667,0.5641297698,0,0,4.961386494,1568
df2021,deepfense_w2v2_aasist_s2,source,0,0,0.15,0.5,bbse_quantile,disjoint_eval,0.6150275966,14272,0.4973374439,4.594063728,4.5826783,0.992195065,88.14461883,88.20472916,23.08335657,0.5071851226,95.59276906,7.448150224,0.5641297698,0,0,4.9257287,1284
df2021,deepfense_w2v2_aasist_s2,source,0,0,0.15,0.9,median,available_pool,0.9165830406,111360,0.9,4.587214151,4.587224617,0.9920694526,61.6954023,78.71966794,0,42.56066411,97.20905172,35.51364943,0.9998840094,0,0,9.075071839,1990
df2021,deepfense_w2v2_aasist_s2,source,0,0,0.15,0.9,median,disjoint_eval,0.9165830406,103360,0.9000386997,4.56789522,4.566809703,0.9921001871,61.6747291,78.70909834,0,42.58180333,97.20684985,35.53212074,0.9998840094,0,0,9.016060372,1923
df2021,deepfense_w2v2_aasist_s2,source,0,0,0.15,0.9,bbse_quantile,available_pool,0.9165830406,111360,0.9,4.587214151,4.587224617,0.9920694526,97.20186782,88.18047573,23.09626437,0.5427841635,97.20905172,0.007183908046,0.4725465477,0,0,9.075071839,1990
df2021,deepfense_w2v2_aasist_s2,source,0,0,0.15,0.9,bbse_quantile,disjoint_eval,0.9165830406,103360,0.9000386997,4.56789522,4.566809703,0.9921001871,97.19814241,88.14482291,23.17073171,0.5396224793,97.20684985,0.008707430341,0.4725465477,0,0,9.016060372,1923
df2021,deepfense_w2v2_aasist_s2,source,0,0,0.3,0.01,median,available_pool,0.2448569995,11248,0.009957325747,4.464285714,4.468134236,0.9940772847,50.41785206,74.95959052,50.08081897,0,99.61770982,49.19985775,0.009936418384,0,0,0.8179231863,1485
df2021,deepfense_w2v2_aasist_s2,source,0,0,0.3,0.01,median,disjoint_eval,0.2448569995,3248,0.01077586207,5.714285714,5.736072207,0.9892979414,49.93842365,74.69654528,50.60690943,0,99.59975369,49.66133005,0.009936418384,0,0,0.8928571429,850
df2021,deepfense_w2v2_aasist_s2,source,0,0,0.3,0.01,bbse_quantile,available_pool,0.2448569995,11248,0.009957325747,4.464285714,4.468134236,0.9940772847,76.76920341,88.26778017,23.46443966,0,99.61770982,22.8485064,0.5759657025,0,0,0.8179231863,1485
df2021,deepfense_w2v2_aasist_s2,source,0,0,0.3,0.01,bbse_quantile,disjoint_eval,0.2448569995,3248,0.01077586207,5.714285714,5.736072207,0.9892979414,77.49384236,88.62433862,22.75132275,0,99.59975369,22.10591133,0.5759657025,0,0,0.8928571429,850
df2021,deepfense_w2v2_aasist_s2,source,0,0,0.3,0.1,median,available_pool,0.3089563472,12373,0.09997575366,4.636807877,4.643221254,0.9921618017,59.51668957,77.50987787,44.98024425,0,98.11686737,38.60017781,0.01115803048,0,0,1.074921199,1501
df2021,deepfense_w2v2_aasist_s2,source,0,0,0.3,0.1,median,disjoint_eval,0.3089563472,4373,0.1051909444,4.565217391,4.531522572,0.9919529661,59.4328836,77.33197036,45.33605929,0,98.07912188,38.64623828,0.01115803048,0,0,1.097644638,939
df2021,deepfense_w2v2_aasist_s2,source,0,0,0.3,0.1,bbse_quantile,available_pool,0.3089563472,12373,0.09997575366,4.636807877,4.643221254,0.9921618017,78.9460923,88.159978,23.35668103,0.3233629749,98.11686737,19.17077507,0.5659375191,0,0,1.074921199,1501
df2021,deepfense_w2v2_aasist_s2,source,0,0,0.3,0.1,bbse_quantile,disjoint_eval,0.3089563472,4373,0.1051909444,4.565217391,4.531522572,0.9919529661,79.37342785,88.47431638,23.05136724,0,98.07912188,18.70569403,0.5659375191,0,0,1.097644638,939
df2021,deepfense_w2v2_aasist_s2,source,0,0,0.3,0.5,median,available_pool,0.6150275966,22272,0.5,4.62164751,4.63362069,0.9919080882,95.50556753,95.50556753,3.83441092,5.154454023,95.51005747,0.004489942529,0.9997040629,0,0,4.961386494,1568
df2021,deepfense_w2v2_aasist_s2,source,0,0,0.3,0.5,median,disjoint_eval,0.6150275966,14272,0.4973374439,4.594063728,4.5826783,0.992195065,95.59276906,95.58850237,3.61025927,5.212735982,95.59276906,0,0.9997040629,0,0,4.9257287,1284
df2021,deepfense_w2v2_aasist_s2,source,0,0,0.3,0.5,bbse_quantile,available_pool,0.6150275966,22272,0.5,4.62164751,4.63362069,0.9919080882,88.2183908,88.2183908,23.0154454,0.5477729885,95.51005747,7.291666667,0.5641297698,0,0,4.961386494,1568
df2021,deepfense_w2v2_aasist_s2,source,0,0,0.3,0.5,bbse_quantile,disjoint_eval,0.6150275966,14272,0.4973374439,4.594063728,4.5826783,0.992195065,88.14461883,88.20472916,23.08335657,0.5071851226,95.59276906,7.448150224,0.5641297698,0,0,4.9257287,1284
df2021,deepfense_w2v2_aasist_s2,source,0,0,0.3,0.9,median,available_pool,0.9165830406,111360,0.9,4.587214151,4.587224617,0.9920694526,61.6954023,78.71966794,0,42.56066411,97.20905172,35.51364943,0.9998840094,0,0,9.075071839,1990
df2021,deepfense_w2v2_aasist_s2,source,0,0,0.3,0.9,median,disjoint_eval,0.9165830406,103360,0.9000386997,4.56789522,4.566809703,0.9921001871,61.6747291,78.70909834,0,42.58180333,97.20684985,35.53212074,0.9998840094,0,0,9.016060372,1923
df2021,deepfense_w2v2_aasist_s2,source,0,0,0.3,0.9,bbse_quantile,available_pool,0.9165830406,111360,0.9,4.587214151,4.587224617,0.9920694526,97.20186782,88.18047573,23.09626437,0.5427841635,97.20905172,0.007183908046,0.4725465477,0,0,9.075071839,1990
df2021,deepfense_w2v2_aasist_s2,source,0,0,0.3,0.9,bbse_quantile,disjoint_eval,0.9165830406,103360,0.9000386997,4.56789522,4.566809703,0.9921001871,97.19814241,88.14482291,23.17073171,0.5396224793,97.20684985,0.008707430341,0.4725465477,0,0,9.016060372,1923
df2021,deepfense_w2v2_aasist_s2,source,1,0,0.02,0.5,median,available_pool,0.6133968891,22272,0.5,4.62164751,4.63362069,0.9919080882,95.47862787,95.47862787,4.130747126,4.911997126,95.51005747,0.0314295977,0.999694705,0,0,4.961386494,1568
df2021,deepfense_w2v2_aasist_s2,source,1,0,0.02,0.5,median,disjoint_eval,0.6133968891,14272,0.4979680493,4.721311475,4.736454461,0.9914487167,95.4456278,95.44361628,4.06140963,5.051357816,95.46664798,0.02102017937,0.999694705,0,0,4.960762332,1286
df2021,deepfense_w2v2_aasist_s2,source,1,0,0.02,0.5,bbse_quantile,available_pool,0.6133968891,22272,0.5,4.62164751,4.63362069,0.9919080882,88.18696121,88.18696121,23.11422414,0.5118534483,95.51005747,7.323096264,0.5337113142,0,0,4.961386494,1568
df2021,deepfense_w2v2_aasist_s2,source,1,0,0.02,0.5,bbse_quantile,disjoint_eval,0.6133968891,14272,0.4979680493,4.721311475,4.736454461,0.9914487167,87.96945067,88.0159227,23.41939986,0.5487547488,95.46664798,7.497197309,0.5337113142,0,0,4.960762332,1286
df2021,deepfense_w2v2_aasist_s2,source,1,50000,0.3,0,median,available_pool,0.9742599097,50000,0.9723,4.569598292,4.564813567,0.9918525095,59.188,79.01265042,0,41.97469917,99.05,39.862,0.9998840094,0,0,9.734,1068
df2021,deepfense_w2v2_aasist_s2,source,1,50000,0.3,0,median,disjoint_eval,0.9742599097,30000,0.9719333333,4.400533677,4.398946749,0.9925485833,59.52666667,79.17895603,0,41.64208793,99.04333333,39.51666667,0.9998840094,0,0,9.663333333,823
df2021,deepfense_w2v2_aasist_s2,source,1,50000,0.3,0,bbse_quantile,available_pool,0.9742599097,50000,0.9723,4.569598292,4.564813567,0.9918525095,98.852,87.90583643,23.68231047,0.5060166615,99.05,0.198,0.4288207591,0,0,9.734,1068
df2021,deepfense_w2v2_aasist_s2,source,1,50000,0.3,0,bbse_quantile,disjoint_eval,0.9742599097,30000,0.9719333333,4.400533677,4.398946749,0.9925485833,98.84666667,87.87315533,23.75296912,0.500720214,99.04333333,0.1966666667,0.4288207591,0,0,9.663333333,823
df2021,deepfense_w2v2_aasist_s2,source,2,0,0.02,0.5,median,available_pool,0.6082538886,22272,0.5,4.62164751,4.63362069,0.9919080882,95.40229885,95.40229885,4.543821839,4.65158046,95.51005747,0.1077586207,0.9996750355,0,0,4.961386494,1568
df2021,deepfense_w2v2_aasist_s2,source,2,0,0.02,0.5,median,disjoint_eval,0.6082538886,14272,0.5011210762,4.761032581,4.750458739,0.9915714234,95.3125,95.31296345,4.480337079,4.893736018,95.36855381,0.05605381166,0.9996750355,0,0,5.009809417,1297
df2021,deepfense_w2v2_aasist_s2,source,2,0,0.02,0.5,bbse_quantile,available_pool,0.6082538886,22272,0.5,4.62164751,4.63362069,0.9919080882,88.2183908,88.2183908,23.0154454,0.5477729885,95.51005747,7.291666667,0.5645765066,0,0,4.961386494,1568
df2021,deepfense_w2v2_aasist_s2,source,2,0,0.02,0.5,bbse_quantile,disjoint_eval,0.6082538886,14272,0.5011210762,4.761032581,4.750458739,0.9915714234,88.08856502,88.06305457,23.31460674,0.5592841163,95.36855381,7.279988789,0.5645765066,0,0,5.009809417,1297
df2021,deepfense_w2v2_aasist_s2,source,2,50000,0.3,0,median,available_pool,0.9733567486,50000,0.9723,4.569598292,4.564813567,0.9918525095,59.188,79.01265042,0,41.97469917,99.05,39.862,0.9998840094,0,0,9.734,1068
df2021,deepfense_w2v2_aasist_s2,source,2,50000,0.3,0,median,disjoint_eval,0.9733567486,30000,0.9720333333,4.722584006,4.697227946,0.9910651192,59.39,79.11079867,0,41.77840266,98.97666667,39.58666667,0.9998840094,0,0,9.73,828
df2021,deepfense_w2v2_aasist_s2,source,2,50000,0.3,0,bbse_quantile,available_pool,0.9733567486,50000,0.9723,4.569598292,4.564813567,0.9918525095,98.864,87.84186218,23.8267148,0.4895608351,99.05,0.186,0.3819107711,0,0,9.734,1068
df2021,deepfense_w2v2_aasist_s2,source,2,50000,0.3,0,bbse_quantile,disjoint_eval,0.9733567486,30000,0.9720333333,4.722584006,4.697227946,0.9910651192,98.80333333,86.70870187,26.10250298,0.4800932753,98.97666667,0.1733333333,0.3819107711,0,0,9.73,828
df2021,deepfense_w2v2_aasist_s42,source,0,0,0.3,0,median,available_pool,0.9804591265,400435,0.9721902431,4.5608144,4.56025484,0.9918730774,58.1177969,78.42061919,0.08081896552,43.07794266,99.08299724,40.96520034,0.9997219443,0,0,10.1015146,2049
df2021,deepfense_w2v2_aasist_s42,source,0,0,0.3,0,median,disjoint_eval,0.9804591265,380435,0.9722659587,4.543869042,4.541832495,0.9919782019,58.12267536,78.43183303,0.06634442233,43.06998951,99.08368052,40.96100517,0.9997219443,0,0,10.10106851,1979
df2021,deepfense_w2v2_aasist_s42,source,0,0,0.3,0,bbse_quantile,available_pool,0.9804591265,400435,0.9721902431,4.5608144,4.56025484,0.9918730774,98.89744902,80.86166026,38.23635057,0.04032889887,99.08299724,0.1855482163,0.918713212,0,0,10.1015146,2049
df2021,deepfense_w2v2_aasist_s42,source,0,0,0.3,0,bbse_quantile,disjoint_eval,0.9804591265,380435,0.9722659587,4.543869042,4.541832495,0.9919782019,98.89784063,80.78817601,38.38498721,0.03866076932,99.08368052,0.1858398938,0.918713212,0,0,10.10106851,1979
df2021,deepfense_w2v2_aasist_s42,source,1,50000,0.3,0,median,available_pool,0.9826427772,50000,0.9723,4.492926132,4.49363989,0.9921837795,58.488,78.58253403,0.1444043321,42.69052761,99.11,40.622,0.9997219443,0,0,10.106,644
df2021,deepfense_w2v2_aasist_s42,source,1,50000,0.3,0,median,disjoint_eval,0.9826427772,30000,0.9719333333,4.641565562,4.639462058,0.9923186948,58.26666667,78.4730958,0.1187648456,42.93504356,99.12666667,40.86,0.9997219443,0,0,10.00333333,483
df2021,deepfense_w2v2_aasist_s42,source,1,50000,0.3,0,bbse_quantile,available_pool,0.9826427772,50000,0.9723,4.492926132,4.49363989,0.9921837795,98.898,81.09033588,37.76173285,0.05759539237,99.11,0.212,0.9462013245,0,0,10.106,644
df2021,deepfense_w2v2_aasist_s42,source,1,50000,0.3,0,bbse_quantile,disjoint_eval,0.9826427772,30000,0.9719333333,4.641565562,4.639462058,0.9923186948,98.9,81.26881489,37.41092637,0.0514438576,99.12666667,0.2266666667,0.9462013245,0,0,10.00333333,483
df2021,deepfense_w2v2_aasist_s42,source,2,50000,0.3,0,median,available_pool,0.9812430011,50000,0.9723,4.492926132,4.49363989,0.9921837795,58.488,78.58253403,0.1444043321,42.69052761,99.11,40.622,0.9997219443,0,0,10.106,644
df2021,deepfense_w2v2_aasist_s42,source,2,50000,0.3,0,median,disjoint_eval,0.9812430011,30000,0.9720333333,4.593349942,4.604638528,0.9912779853,58.64333333,78.66884391,0.1191895113,42.54312266,99.07,40.42666667,0.9997219443,0,0,10.17666667,493
df2021,deepfense_w2v2_aasist_s42,source,2,50000,0.3,0,bbse_quantile,available_pool,0.9812430011,50000,0.9723,4.492926132,4.49363989,0.9921837795,98.914,81.41421714,37.11191336,0.05965237067,99.11,0.196,0.9608321786,0,0,10.106,644
df2021,deepfense_w2v2_aasist_s42,source,2,50000,0.3,0,bbse_quantile,disjoint_eval,0.9812430011,30000,0.9720333333,4.593349942,4.604638528,0.9912779853,98.83666667,80.1853926,39.57091776,0.05829704057,99.07,0.2333333333,0.9608321786,0,0,10.17666667,493
itw,deepfense_w2v2_aasist_s240,source,0,0,0.3,0,median,available_pool,0.6781124498,31779,0.3718178671,8.466981297,8.466108094,0.9693704999,85.41489663,87.8487715,21.64504333,2.657413676,91.82478996,6.409893326,0.9680808187,0,0,0.3870480506,5127
itw,deepfense_w2v2_aasist_s240,source,0,0,0.3,0,median,disjoint_eval,0.6781124498,11779,0.3732914509,8.71530647,8.717203739,0.9681096604,85.85618474,88.16401629,20.94283392,2.7291335,91.57823245,5.722047712,0.9680808187,0,0,0.4754223618,3327
itw,deepfense_w2v2_aasist_s240,source,0,0,0.3,0,bbse_quantile,available_pool,0.6781124498,31779,0.3718178671,8.466981297,8.466108094,0.9693704999,69.05188961,75.23050239,48.87041026,0.6685849695,91.82478996,22.77290034,0.507044971,0,0,0.3870480506,5127
itw,deepfense_w2v2_aasist_s240,source,0,0,0.3,0,bbse_quantile,disjoint_eval,0.6781124498,11779,0.3732914509,8.71530647,8.717203739,0.9681096604,69.48807199,75.5190588,48.27959902,0.682283375,91.57823245,22.09016046,0.507044971,0,0,0.4754223618,3327
itw,deepfense_w2v2_aasist_s2,source,0,0,0.3,0,median,available_pool,0.4463622679,31779,0.3718178671,9.643307719,9.643660211,0.9660458998,84.79184367,87.2354237,22.29624806,3.232904536,91.1136285,6.321784826,0.1272182763,0,0,1.919506592,3017
itw,deepfense_w2v2_aasist_s2,source,0,0,0.3,0,median,disjoint_eval,0.4463622679,11779,0.3732914509,9.72636142,9.730135452,0.9650206845,84.86289159,87.23820156,22.13492279,3.388674096,91.02640292,6.163511334,0.1272182763,0,0,2.046014093,1947
itw,deepfense_w2v2_aasist_s2,source,0,0,0.3,0,bbse_quantile,available_pool,0.4463622679,31779,0.3718178671,9.643307719,9.643660211,0.9660458998,88.39170521,89.61028012,15.14301458,5.636425186,91.1136285,2.721923283,0.5217393637,0,0,1.919506592,3017
itw,deepfense_w2v2_aasist_s2,source,0,0,0.3,0,bbse_quantile,disjoint_eval,0.4463622679,11779,0.3732914509,9.72636142,9.730135452,0.9650206845,88.44553867,89.6045027,14.96884313,5.822151467,91.02640292,2.58086425,0.5217393637,0,0,2.046014093,1947
itw,deepfense_w2v2_aasist_s42,source,0,0,0.3,0,median,available_pool,0.9790033595,31779,0.3718178671,16.57997037,16.46989996,0.9171014468,78.09874445,80.22087031,28.05690527,11.5013541,87.36587054,9.26712609,0.999504447,0,0,3.001982441,1576
itw,deepfense_w2v2_aasist_s42,source,0,0,0.3,0,median,disjoint_eval,0.9790033595,11779,0.3732914509,16.40323275,16.42582591,0.9185645529,78.32583411,80.49162636,28.05472772,10.96201956,87.37583836,9.050004245,0.999504447,0,0,3.013838187,916
itw,deepfense_w2v2_aasist_s42,source,0,0,0.3,0,bbse_quantile,available_pool,0.9790033595,31779,0.3718178671,16.57997037,16.46989996,0.9171014468,39.29953743,51.67698381,96.60371688,0.0423155044,87.36587054,48.06633311,0.5981050134,0,0,3.001982441,1576
itw,deepfense_w2v2_aasist_s42,source,0,0,0.3,0,bbse_quantile,disjoint_eval,0.9790033595,11779,0.3732914509,16.40323275,16.42582591,0.9185645529,39.51099414,51.7269262,96.47791926,0.0682283375,87.37583836,47.86484421,0.5981050134,0,0,3.013838187,916
itw,deepfense_w2v2_aasist_s42,source,0,0,0.02,0.01,median,available_pool,0.9658454647,20165,0.01001735681,15.89867647,15.90305927,0.9179429965,50.90007439,73.73150229,49.56669839,2.97029703,99.16191421,48.26183982,0.9992083907,0,0,1.269526407,1538
itw,deepfense_w2v2_aasist_s42,source,0,0,0.02,0.01,median,disjoint_eval,0.9658454647,12165,0.009453349774,13.00064977,12.83384449,0.925976547,50.98232635,73.53472849,49.45228216,3.47826087,99.21907111,48.23674476,0.9992083907,0,0,1.315248664,1157
itw,deepfense_w2v2_aasist_s42,source,0,0,0.02,0.01,bbse_quantile,available_pool,0.9658454647,20165,0.01001735681,15.89867647,15.90305927,0.9179429965,4.438383337,51.73571107,96.52857787,0,99.16191421,94.72353087,0.6145364642,0,0,1.269526407,1538
itw,deepfense_w2v2_aasist_s42,source,0,0,0.02,0.01,bbse_quantile,disjoint_eval,0.9658454647,12165,0.009453349774,13.00064977,12.83384449,0.925976547,4.389642417,51.73858921,96.52282158,0,99.21907111,94.82942869,0.6145364642,0,0,1.315248664,1157
itw,deepfense_w2v2_aasist_s42,source,0,0,0.02,0.97,median,available_pool,0.998600224,12181,0.9700353009,16.86564336,16.99591221,0.9171355766,54.68352352,76.50908682,0.2739726027,46.70785376,97.06099663,42.37747311,0.9996898174,0,0,7.191527789,315
itw,deepfense_w2v2_aasist_s42,source,0,0,0.02,0.97,median,disjoint_eval,0.998600224,4181,0.9703420234,15.96493558,15.97676656,0.9235948222,55.10643387,76.86714321,0,46.26571358,97.03420234,41.92776848,0.9996898174,0,0,7.318823248,211
itw,deepfense_w2v2_aasist_s42,source,0,0,0.02,0.97,bbse_quantile,available_pool,0.998600224,12181,0.9700353009,16.86564336,16.99591221,0.9171355766,97.04457762,51.48146001,96.98630137,0.05077860528,97.06099663,0.01641901322,0.569770813,0,0,7.191527789,315
itw,deepfense_w2v2_aasist_s42,source,0,0,0.02,0.97,bbse_quantile,disjoint_eval,0.998600224,4181,0.9703420234,15.96493558,15.97676656,0.9235948222,97.01028462,50.76947848,98.38709677,0.07394626571,97.03420234,0.02391772303,0.569770813,0,0,7.318823248,211
itw,deepfense_w2v2_aasist_s42,source,0,0,0.15,0.01,median,available_pool,0.9658454647,20165,0.01001735681,15.89867647,15.90305927,0.9179429965,50.90007439,73.73150229,49.56669839,2.97029703,99.16191421,48.26183982,0.9992083907,0,0,1.269526407,1538
itw,deepfense_w2v2_aasist_s42,source,0,0,0.15,0.01,median,disjoint_eval,0.9658454647,12165,0.009453349774,13.00064977,12.83384449,0.925976547,50.98232635,73.53472849,49.45228216,3.47826087,99.21907111,48.23674476,0.9992083907,0,0,1.315248664,1157
itw,deepfense_w2v2_aasist_s42,source,0,0,0.15,0.01,bbse_quantile,available_pool,0.9658454647,20165,0.01001735681,15.89867647,15.90305927,0.9179429965,4.438383337,51.73571107,96.52857787,0,99.16191421,94.72353087,0.6145364642,0,0,1.269526407,1538
itw,deepfense_w2v2_aasist_s42,source,0,0,0.15,0.01,bbse_quantile,disjoint_eval,0.9658454647,12165,0.009453349774,13.00064977,12.83384449,0.925976547,4.389642417,51.73858921,96.52282158,0,99.21907111,94.82942869,0.6145364642,0,0,1.315248664,1157
itw,deepfense_w2v2_aasist_s42,source,0,0,0.15,0.97,median,available_pool,0.998600224,12181,0.9700353009,16.86564336,16.99591221,0.9171355766,54.68352352,76.50908682,0.2739726027,46.70785376,97.06099663,42.37747311,0.9996898174,0,0,7.191527789,315
itw,deepfense_w2v2_aasist_s42,source,0,0,0.15,0.97,median,disjoint_eval,0.998600224,4181,0.9703420234,15.96493558,15.97676656,0.9235948222,55.10643387,76.86714321,0,46.26571358,97.03420234,41.92776848,0.9996898174,0,0,7.318823248,211
itw,deepfense_w2v2_aasist_s42,source,0,0,0.15,0.97,bbse_quantile,available_pool,0.998600224,12181,0.9700353009,16.86564336,16.99591221,0.9171355766,97.04457762,51.48146001,96.98630137,0.05077860528,97.06099663,0.01641901322,0.569770813,0,0,7.191527789,315
itw,deepfense_w2v2_aasist_s42,source,0,0,0.15,0.97,bbse_quantile,disjoint_eval,0.998600224,4181,0.9703420234,15.96493558,15.97676656,0.9235948222,97.01028462,50.76947848,98.38709677,0.07394626571,97.03420234,0.02391772303,0.569770813,0,0,7.318823248,211
itw,deepfense_w2v2_aasist_s42,source,0,0,0.3,0.01,median,available_pool,0.9658454647,20165,0.01001735681,15.89867647,15.90305927,0.9179429965,50.90007439,73.73150229,49.56669839,2.97029703,99.16191421,48.26183982,0.9992083907,0,0,1.269526407,1538
itw,deepfense_w2v2_aasist_s42,source,0,0,0.3,0.01,median,disjoint_eval,0.9658454647,12165,0.009453349774,13.00064977,12.83384449,0.925976547,50.98232635,73.53472849,49.45228216,3.47826087,99.21907111,48.23674476,0.9992083907,0,0,1.315248664,1157
itw,deepfense_w2v2_aasist_s42,source,0,0,0.3,0.01,bbse_quantile,available_pool,0.9658454647,20165,0.01001735681,15.89867647,15.90305927,0.9179429965,4.438383337,51.73571107,96.52857787,0,99.16191421,94.72353087,0.6145364642,0,0,1.269526407,1538
itw,deepfense_w2v2_aasist_s42,source,0,0,0.3,0.01,bbse_quantile,disjoint_eval,0.9658454647,12165,0.009453349774,13.00064977,12.83384449,0.925976547,4.389642417,51.73858921,96.52282158,0,99.21907111,94.82942869,0.6145364642,0,0,1.315248664,1157
itw,deepfense_w2v2_aasist_s42,source,0,0,0.3,0.97,median,available_pool,0.998600224,12181,0.9700353009,16.86564336,16.99591221,0.9171355766,54.68352352,76.50908682,0.2739726027,46.70785376,97.06099663,42.37747311,0.9996898174,0,0,7.191527789,315
itw,deepfense_w2v2_aasist_s42,source,0,0,0.3,0.97,median,disjoint_eval,0.998600224,4181,0.9703420234,15.96493558,15.97676656,0.9235948222,55.10643387,76.86714321,0,46.26571358,97.03420234,41.92776848,0.9996898174,0,0,7.318823248,211
itw,deepfense_w2v2_aasist_s42,source,0,0,0.3,0.97,bbse_quantile,available_pool,0.998600224,12181,0.9700353009,16.86564336,16.99591221,0.9171355766,97.04457762,51.48146001,96.98630137,0.05077860528,97.06099663,0.01641901322,0.569770813,0,0,7.191527789,315
itw,deepfense_w2v2_aasist_s42,source,0,0,0.3,0.97,bbse_quantile,disjoint_eval,0.998600224,4181,0.9703420234,15.96493558,15.97676656,0.9235948222,97.01028462,50.76947848,98.38709677,0.07394626571,97.03420234,0.02391772303,0.569770813,0,0,7.318823248,211
itw,ssl_aasist_wavefake,source,0,0,0.3,0,median,available_pool,0.6001528273,31779,0.3718178671,5.060450924,5.059975588,0.9854131167,86.66414928,89.30592475,20.99884787,0.3893026405,95.00613613,8.341986847,0.927887857,0,0,1.230372258,3358
itw,ssl_aasist_wavefake,source,0,0,0.3,0,median,disjoint_eval,0.6001528273,11779,0.3732914509,5.015395856,5.019173007,0.9859058543,86.49291111,89.15941339,21.36277432,0.3183989083,95.05051363,8.557602513,0.927887857,0,0,1.451736141,2375
itw,ssl_aasist_wavefake,source,0,0,0.3,0,bbse_quantile,available_pool,0.6001528273,31779,0.3718178671,5.060450924,5.059975588,0.9854131167,77.11696403,81.77421625,36.3923258,0.05924170616,95.00613613,17.88917209,0.4282438159,0,0,1.230372258,3358
itw,ssl_aasist_wavefake,source,0,0,0.3,0,bbse_quantile,disjoint_eval,0.6001528273,11779,0.3732914509,5.015395856,5.019173007,0.9859058543,77.26462348,81.85208789,36.25033866,0.04548555834,95.05051363,17.78589014,0.4282438159,0,0,1.451736141,2375
itw,ssl_aasist_wavefake,source,0,0,0.02,0.01,median,available_pool,0.3588894549,20165,0.01001735681,5.095631641,5.027469135,0.9859922788,51.31663774,75.41201222,49.17597555,0,99.1272006,47.81056286,0.105763562,0,0,0.2231589388,3369
itw,ssl_aasist_wavefake,source,0,0,0.02,0.01,median,disjoint_eval,0.3588894549,12165,0.009453349774,4.679306172,4.518311384,0.9870759517,51.46732429,75.50207469,48.99585062,0,99.15330867,47.68598438,0.105763562,0,0,0.2630497328,2806
itw,ssl_aasist_wavefake,source,0,0,0.02,0.01,bbse_quantile,available_pool,0.3588894549,20165,0.01001735681,5.095631641,5.027469135,0.9859922788,65.18720555,82.41747232,35.16505535,0,99.1272006,33.93999504,0.4779212773,0,0,0.2231589388,3369
itw,ssl_aasist_wavefake,source,0,0,0.02,0.01,bbse_quantile,disjoint_eval,0.3588894549,12165,0.009453349774,4.679306172,4.518311384,0.9870759517,65.17879162,82.42323651,35.15352697,0,99.15330867,33.97451706,0.4779212773,0,0,0.2630497328,2806
itw,ssl_aasist_wavefake,source,0,0,0.02,0.02,median,available_pool,0.3689505858,20370,0.01998036328,5.15970516,5.152111258,0.9856010647,52.77859597,75.90792967,48.18414066,0,98.44869907,45.67010309,0.1179780215,0,0,0.2110947472,3328
itw,ssl_aasist_wavefake,source,0,0,0.02,0.02,median,disjoint_eval,0.3689505858,12370,0.01907841552,4.835695375,4.753452269,0.985556763,53.20129345,76.14554145,47.70891709,0,98.48019402,45.27890057,0.1179780215,0,0,0.2182700081,2828
itw,ssl_aasist_wavefake,source,0,0,0.02,0.02,bbse_quantile,available_pool,0.3689505858,20370,0.01998036328,5.15970516,5.152111258,0.9856010647,65.44918999,82.37238892,35.25522216,0,98.44869907,32.99950908,0.4772029221,0,0,0.2110947472,3328
itw,ssl_aasist_wavefake,source,0,0,0.02,0.02,bbse_quantile,disjoint_eval,0.3689505858,12370,0.01907841552,4.835695375,4.753452269,0.985556763,65.58609539,82.45838141,35.08323718,0,98.48019402,32.89409863,0.4772029221,0,0,0.2182700081,2828
itw,ssl_aasist_wavefake,source,0,0,0.02,0.05,median,available_pool,0.3894549159,21014,0.0500142762,5.137963844,5.131222066,0.9848915546,55.30598649,76.47648149,47.04703702,0,97.25421148,41.94822499,0.1336413622,0,0,0.2664890073,3366
itw,ssl_aasist_wavefake,source,0,0,0.02,0.05,median,disjoint_eval,0.3894549159,13014,0.05071461503,5.151515152,5.149822656,0.9850722499,55.56323959,76.59462522,46.81074955,0,97.21838021,41.65514062,0.1336413622,0,0,0.2612571077,2863
itw,ssl_aasist_wavefake,source,0,0,0.02,0.05,bbse_quantile,available_pool,0.3894549159,21014,0.0500142762,5.137963844,5.131222066,0.9848915546,66.27962311,82.2070974,35.49065772,0.09514747859,97.25421148,30.97458837,0.4663823247,0,0,0.2664890073,3366
itw,ssl_aasist_wavefake,source,0,0,0.02,0.05,bbse_quantile,disjoint_eval,0.3894549159,13014,0.05071461503,5.151515152,5.149822656,0.9850722499,66.50530198,82.35794075,35.2841185,0,97.21838021,30.71307822,0.4663823247,0,0,0.2612571077,2863
itw,ssl_aasist_wavefake,source,0,0,0.02,0.1,median,available_pool,0.4119969435,22181,0.09999549164,5.118186307,5.114590487,0.9846047017,59.01898021,77.23288083,45.53423834,0,96.16789144,37.14891123,0.1592174023,0,0,0.4328028493,3403
itw,ssl_aasist_wavefake,source,0,0,0.02,0.1,median,disjoint_eval,0.4119969435,14181,0.1019674212,5.113336848,5.114731024,0.9848861053,58.67710317,76.99254024,46.01491951,0,96.26260489,37.58550173,0.1592174023,0,0,0.4442563994,2944
itw,ssl_aasist_wavefake,source,0,0,0.02,0.1,bbse_quantile,available_pool,0.4119969435,22181,0.09999549164,5.118186307,5.114590487,0.9846047017,68.24309093,82.33732292,35.2802685,0.04508566276,96.16789144,27.9248005,0.4752534926,0,0,0.4328028493,3403
itw,ssl_aasist_wavefake,source,0,0,0.02,0.1,bbse_quantile,disjoint_eval,0.4119969435,14181,0.1019674212,5.113336848,5.114731024,0.9848861053,68.12636626,82.22297976,35.48488418,0.06915629322,96.26260489,28.13623863,0.4752534926,0,0,0.4442563994,2944
itw,ssl_aasist_wavefake,source,0,0,0.02,0.9,median,available_pool,0.9530056037,13129,0.8999923833,5.255140899,5.255363273,0.9850284652,59.98933658,77.46702291,0.6854531607,44.38050102,97.74544901,37.75611242,0.9998313189,0,0,2.8638891,1190
itw,ssl_aasist_wavefake,source,0,0,0.02,0.9,median,disjoint_eval,0.9530056037,5129,0.8953012283,5.027932961,5.007433379,0.9876057624,60.28465588,77.65567922,0.3724394786,44.31620209,97.79684149,37.51218561,0.9998313189,0,0,3.022031585,693
itw,ssl_aasist_wavefake,source,0,0,0.02,0.9,bbse_quantile,available_pool,0.9530056037,13129,0.8999923833,5.255140899,5.255363273,0.9850284652,94.73684211,73.85546068,52.24676314,0.0423155044,97.74544901,3.008606901,0.06754669547,0,0,2.8638891,1190
itw,ssl_aasist_wavefake,source,0,0,0.02,0.9,bbse_quantile,disjoint_eval,0.9530056037,5129,0.8953012283,5.027932961,5.007433379,0.9876057624,94.46285826,73.72123976,52.51396648,0.04355400697,97.79684149,3.333983233,0.06754669547,0,0,3.022031585,693
itw,ssl_aasist_wavefake,source,0,0,0.02,0.95,median,available_pool,0.9835710647,12438,0.9499919601,4.662379421,4.667005554,0.9893568343,55.34651873,76.42181455,0.1607717042,46.99559919,98.71361955,43.36710082,0.9998365641,0,0,3.328509407,836
itw,ssl_aasist_wavefake,source,0,0,0.02,0.95,median,disjoint_eval,0.9835710647,4438,0.9529067147,3.452352802,3.400817549,0.994299443,54.91212258,76.3419248,0,47.31615039,98.98602974,44.07390717,0.9998365641,0,0,3.875619648,464
itw,ssl_aasist_wavefake,source,0,0,0.02,0.95,bbse_quantile,available_pool,0.9835710647,12438,0.9499919601,4.662379421,4.667005554,0.9893568343,96.71168998,67.1221865,65.75562701,0,98.71361955,2.001929571,0.01141961571,0,0,3.328509407,836
itw,ssl_aasist_wavefake,source,0,0,0.02,0.95,bbse_quantile,disjoint_eval,0.9835710647,4438,0.9529067147,3.452352802,3.400817549,0.994299443,97.13835061,69.61722488,60.76555024,0,98.98602974,1.847679135,0.01141961571,0,0,3.875619648,464
itw,ssl_aasist_wavefake,source,0,0,0.02,0.97,median,available_pool,0.9983443709,12181,0.9700353009,3.743597469,3.783921963,0.9899421263,54.54396191,76.43715046,0.2739726027,46.85172647,99.08874477,44.54478286,0.9998365641,0,0,3.234545604,695
itw,ssl_aasist_wavefake,source,0,0,0.02,0.97,median,disjoint_eval,0.9983443709,4181,0.9703420234,4.838709677,4.84725723,0.9891237368,55.13035159,76.87946759,0,46.24106483,99.18679742,44.05644583,0.9998365641,0,0,3.348481225,382
itw,ssl_aasist_wavefake,source,0,0,0.02,0.97,bbse_quantile,available_pool,0.9983443709,12181,0.9700353009,3.743597469,3.783921963,0.9899421263,97.17592973,52.87671233,94.24657534,0,99.08874477,1.91281504,0.0006824223092,0,0,3.234545604,695
itw,ssl_aasist_wavefake,source,0,0,0.02,0.97,bbse_quantile,disjoint_eval,0.9983443709,4181,0.9703420234,4.838709677,4.84725723,0.9891237368,97.20162641,52.82258065,94.35483871,0,99.18679742,1.985171012,0.0006824223092,0,0,3.348481225,382
itw,ssl_aasist_wavefake,source,0,0,0.06,0.01,median,available_pool,0.3588894549,20165,0.01001735681,5.095631641,5.027469135,0.9859922788,51.31663774,75.41201222,49.17597555,0,99.1272006,47.81056286,0.105763562,0,0,0.2231589388,3369
itw,ssl_aasist_wavefake,source,0,0,0.06,0.01,median,disjoint_eval,0.3588894549,12165,0.009453349774,4.679306172,4.518311384,0.9870759517,51.46732429,75.50207469,48.99585062,0,99.15330867,47.68598438,0.105763562,0,0,0.2630497328,2806
itw,ssl_aasist_wavefake,source,0,0,0.06,0.01,bbse_quantile,available_pool,0.3588894549,20165,0.01001735681,5.095631641,5.027469135,0.9859922788,65.18720555,82.41747232,35.16505535,0,99.1272006,33.93999504,0.4779212773,0,0,0.2231589388,3369
itw,ssl_aasist_wavefake,source,0,0,0.06,0.01,bbse_quantile,disjoint_eval,0.3588894549,12165,0.009453349774,4.679306172,4.518311384,0.9870759517,65.17879162,82.42323651,35.15352697,0,99.15330867,33.97451706,0.4779212773,0,0,0.2630497328,2806
itw,ssl_aasist_wavefake,source,0,0,0.08,0.97,median,available_pool,0.9983443709,12181,0.9700353009,3.743597469,3.783921963,0.9899421263,54.54396191,76.43715046,0.2739726027,46.85172647,99.08874477,44.54478286,0.9998365641,0,0,3.234545604,695
itw,ssl_aasist_wavefake,source,0,0,0.08,0.97,median,disjoint_eval,0.9983443709,4181,0.9703420234,4.838709677,4.84725723,0.9891237368,55.13035159,76.87946759,0,46.24106483,99.18679742,44.05644583,0.9998365641,0,0,3.348481225,382
itw,ssl_aasist_wavefake,source,0,0,0.08,0.97,bbse_quantile,available_pool,0.9983443709,12181,0.9700353009,3.743597469,3.783921963,0.9899421263,97.17592973,52.87671233,94.24657534,0,99.08874477,1.91281504,0.0006824223092,0,0,3.234545604,695
itw,ssl_aasist_wavefake,source,0,0,0.08,0.97,bbse_quantile,disjoint_eval,0.9983443709,4181,0.9703420234,4.838709677,4.84725723,0.9891237368,97.20162641,52.82258065,94.35483871,0,99.18679742,1.985171012,0.0006824223092,0,0,3.348481225,382
itw,ssl_aasist_wavefake,source,0,0,0.11,0.01,median,available_pool,0.3588894549,20165,0.01001735681,5.095631641,5.027469135,0.9859922788,51.31663774,75.41201222,49.17597555,0,99.1272006,47.81056286,0.105763562,0,0,0.2231589388,3369
itw,ssl_aasist_wavefake,source,0,0,0.11,0.01,median,disjoint_eval,0.3588894549,12165,0.009453349774,4.679306172,4.518311384,0.9870759517,51.46732429,75.50207469,48.99585062,0,99.15330867,47.68598438,0.105763562,0,0,0.2630497328,2806
itw,ssl_aasist_wavefake,source,0,0,0.11,0.01,bbse_quantile,available_pool,0.3588894549,20165,0.01001735681,5.095631641,5.027469135,0.9859922788,65.18720555,82.41747232,35.16505535,0,99.1272006,33.93999504,0.4779212773,0,0,0.2231589388,3369
itw,ssl_aasist_wavefake,source,0,0,0.11,0.01,bbse_quantile,disjoint_eval,0.3588894549,12165,0.009453349774,4.679306172,4.518311384,0.9870759517,65.17879162,82.42323651,35.15352697,0,99.15330867,33.97451706,0.4779212773,0,0,0.2630497328,2806
itw,ssl_aasist_wavefake,source,0,0,0.13,0.97,median,available_pool,0.9983443709,12181,0.9700353009,3.743597469,3.783921963,0.9899421263,54.54396191,76.43715046,0.2739726027,46.85172647,99.08874477,44.54478286,0.9998365641,0,0,3.234545604,695
itw,ssl_aasist_wavefake,source,0,0,0.13,0.97,median,disjoint_eval,0.9983443709,4181,0.9703420234,4.838709677,4.84725723,0.9891237368,55.13035159,76.87946759,0,46.24106483,99.18679742,44.05644583,0.9998365641,0,0,3.348481225,382
itw,ssl_aasist_wavefake,source,0,0,0.13,0.97,bbse_quantile,available_pool,0.9983443709,12181,0.9700353009,3.743597469,3.783921963,0.9899421263,97.17592973,52.87671233,94.24657534,0,99.08874477,1.91281504,0.0006824223092,0,0,3.234545604,695
itw,ssl_aasist_wavefake,source,0,0,0.13,0.97,bbse_quantile,disjoint_eval,0.9983443709,4181,0.9703420234,4.838709677,4.84725723,0.9891237368,97.20162641,52.82258065,94.35483871,0,99.18679742,1.985171012,0.0006824223092,0,0,3.348481225,382
itw,ssl_aasist_wavefake,source,0,0,0.15,0.01,median,available_pool,0.3588894549,20165,0.01001735681,5.095631641,5.027469135,0.9859922788,51.31663774,75.41201222,49.17597555,0,99.1272006,47.81056286,0.105763562,0,0,0.2231589388,3369
itw,ssl_aasist_wavefake,source,0,0,0.15,0.01,median,disjoint_eval,0.3588894549,12165,0.009453349774,4.679306172,4.518311384,0.9870759517,51.46732429,75.50207469,48.99585062,0,99.15330867,47.68598438,0.105763562,0,0,0.2630497328,2806
itw,ssl_aasist_wavefake,source,0,0,0.15,0.01,bbse_quantile,available_pool,0.3588894549,20165,0.01001735681,5.095631641,5.027469135,0.9859922788,65.18720555,82.41747232,35.16505535,0,99.1272006,33.93999504,0.4779212773,0,0,0.2231589388,3369
itw,ssl_aasist_wavefake,source,0,0,0.15,0.01,bbse_quantile,disjoint_eval,0.3588894549,12165,0.009453349774,4.679306172,4.518311384,0.9870759517,65.17879162,82.42323651,35.15352697,0,99.15330867,33.97451706,0.4779212773,0,0,0.2630497328,2806
itw,ssl_aasist_wavefake,source,0,0,0.17,0.97,median,available_pool,0.9983443709,12181,0.9700353009,3.743597469,3.783921963,0.9899421263,54.54396191,76.43715046,0.2739726027,46.85172647,99.08874477,44.54478286,0.9998365641,0,0,3.234545604,695
itw,ssl_aasist_wavefake,source,0,0,0.17,0.97,median,disjoint_eval,0.9983443709,4181,0.9703420234,4.838709677,4.84725723,0.9891237368,55.13035159,76.87946759,0,46.24106483,99.18679742,44.05644583,0.9998365641,0,0,3.348481225,382
itw,ssl_aasist_wavefake,source,0,0,0.17,0.97,bbse_quantile,available_pool,0.9983443709,12181,0.9700353009,3.743597469,3.783921963,0.9899421263,97.17592973,52.87671233,94.24657534,0,99.08874477,1.91281504,0.0006824223092,0,0,3.234545604,695
itw,ssl_aasist_wavefake,source,0,0,0.17,0.97,bbse_quantile,disjoint_eval,0.9983443709,4181,0.9703420234,4.838709677,4.84725723,0.9891237368,97.20162641,52.82258065,94.35483871,0,99.18679742,1.985171012,0.0006824223092,0,0,3.348481225,382
itw,ssl_aasist_wavefake,source,0,0,0.19,0.01,median,available_pool,0.3588894549,20165,0.01001735681,5.095631641,5.027469135,0.9859922788,51.31663774,75.41201222,49.17597555,0,99.1272006,47.81056286,0.105763562,0,0,0.2231589388,3369
itw,ssl_aasist_wavefake,source,0,0,0.19,0.01,median,disjoint_eval,0.3588894549,12165,0.009453349774,4.679306172,4.518311384,0.9870759517,51.46732429,75.50207469,48.99585062,0,99.15330867,47.68598438,0.105763562,0,0,0.2630497328,2806
itw,ssl_aasist_wavefake,source,0,0,0.19,0.01,bbse_quantile,available_pool,0.3588894549,20165,0.01001735681,5.095631641,5.027469135,0.9859922788,65.18720555,82.41747232,35.16505535,0,99.1272006,33.93999504,0.4779212773,0,0,0.2231589388,3369
itw,ssl_aasist_wavefake,source,0,0,0.19,0.01,bbse_quantile,disjoint_eval,0.3588894549,12165,0.009453349774,4.679306172,4.518311384,0.9870759517,65.17879162,82.42323651,35.15352697,0,99.15330867,33.97451706,0.4779212773,0,0,0.2630497328,2806
itw,ssl_aasist_wavefake,source,0,0,0.1,0.01,median,available_pool,0.3588894549,20165,0.01001735681,5.095631641,5.027469135,0.9859922788,51.31663774,75.41201222,49.17597555,0,99.1272006,47.81056286,0.105763562,0,0,0.2231589388,3369
itw,ssl_aasist_wavefake,source,0,0,0.1,0.01,median,disjoint_eval,0.3588894549,12165,0.009453349774,4.679306172,4.518311384,0.9870759517,51.46732429,75.50207469,48.99585062,0,99.15330867,47.68598438,0.105763562,0,0,0.2630497328,2806
itw,ssl_aasist_wavefake,source,0,0,0.1,0.01,bbse_quantile,available_pool,0.3588894549,20165,0.01001735681,5.095631641,5.027469135,0.9859922788,65.18720555,82.41747232,35.16505535,0,99.1272006,33.93999504,0.4779212773,0,0,0.2231589388,3369
itw,ssl_aasist_wavefake,source,0,0,0.1,0.01,bbse_quantile,disjoint_eval,0.3588894549,12165,0.009453349774,4.679306172,4.518311384,0.9870759517,65.17879162,82.42323651,35.15352697,0,99.15330867,33.97451706,0.4779212773,0,0,0.2630497328,2806
itw,ssl_aasist_wavefake,source,0,0,0.1,0.02,median,available_pool,0.3689505858,20370,0.01998036328,5.15970516,5.152111258,0.9856010647,52.77859597,75.90792967,48.18414066,0,98.44869907,45.67010309,0.1179780215,0,0,0.2110947472,3328
itw,ssl_aasist_wavefake,source,0,0,0.1,0.02,median,disjoint_eval,0.3689505858,12370,0.01907841552,4.835695375,4.753452269,0.985556763,53.20129345,76.14554145,47.70891709,0,98.48019402,45.27890057,0.1179780215,0,0,0.2182700081,2828
itw,ssl_aasist_wavefake,source,0,0,0.1,0.02,bbse_quantile,available_pool,0.3689505858,20370,0.01998036328,5.15970516,5.152111258,0.9856010647,65.44918999,82.37238892,35.25522216,0,98.44869907,32.99950908,0.4772029221,0,0,0.2110947472,3328
itw,ssl_aasist_wavefake,source,0,0,0.1,0.02,bbse_quantile,disjoint_eval,0.3689505858,12370,0.01907841552,4.835695375,4.753452269,0.985556763,65.58609539,82.45838141,35.08323718,0,98.48019402,32.89409863,0.4772029221,0,0,0.2182700081,2828
itw,ssl_aasist_wavefake,source,0,0,0.1,0.05,median,available_pool,0.3894549159,21014,0.0500142762,5.137963844,5.131222066,0.9848915546,55.30598649,76.47648149,47.04703702,0,97.25421148,41.94822499,0.1336413622,0,0,0.2664890073,3366
itw,ssl_aasist_wavefake,source,0,0,0.1,0.05,median,disjoint_eval,0.3894549159,13014,0.05071461503,5.151515152,5.149822656,0.9850722499,55.56323959,76.59462522,46.81074955,0,97.21838021,41.65514062,0.1336413622,0,0,0.2612571077,2863
itw,ssl_aasist_wavefake,source,0,0,0.1,0.05,bbse_quantile,available_pool,0.3894549159,21014,0.0500142762,5.137963844,5.131222066,0.9848915546,66.27962311,82.2070974,35.49065772,0.09514747859,97.25421148,30.97458837,0.4663823247,0,0,0.2664890073,3366
itw,ssl_aasist_wavefake,source,0,0,0.1,0.05,bbse_quantile,disjoint_eval,0.3894549159,13014,0.05071461503,5.151515152,5.149822656,0.9850722499,66.50530198,82.35794075,35.2841185,0,97.21838021,30.71307822,0.4663823247,0,0,0.2612571077,2863
itw,ssl_aasist_wavefake,source,0,0,0.1,0.1,median,available_pool,0.4119969435,22181,0.09999549164,5.118186307,5.114590487,0.9846047017,59.01898021,77.23288083,45.53423834,0,96.16789144,37.14891123,0.1592174023,0,0,0.4328028493,3403
itw,ssl_aasist_wavefake,source,0,0,0.1,0.1,median,disjoint_eval,0.4119969435,14181,0.1019674212,5.113336848,5.114731024,0.9848861053,58.67710317,76.99254024,46.01491951,0,96.26260489,37.58550173,0.1592174023,0,0,0.4442563994,2944
itw,ssl_aasist_wavefake,source,0,0,0.1,0.1,bbse_quantile,available_pool,0.4119969435,22181,0.09999549164,5.118186307,5.114590487,0.9846047017,68.24309093,82.33732292,35.2802685,0.04508566276,96.16789144,27.9248005,0.4752534926,0,0,0.4328028493,3403
itw,ssl_aasist_wavefake,source,0,0,0.1,0.1,bbse_quantile,disjoint_eval,0.4119969435,14181,0.1019674212,5.113336848,5.114731024,0.9848861053,68.12636626,82.22297976,35.48488418,0.06915629322,96.26260489,28.13623863,0.4752534926,0,0,0.4442563994,2944
itw,ssl_aasist_wavefake,source,0,0,0.1,0.9,median,available_pool,0.9530056037,13129,0.8999923833,5.255140899,5.255363273,0.9850284652,59.98933658,77.46702291,0.6854531607,44.38050102,97.74544901,37.75611242,0.9998313189,0,0,2.8638891,1190
itw,ssl_aasist_wavefake,source,0,0,0.1,0.9,median,disjoint_eval,0.9530056037,5129,0.8953012283,5.027932961,5.007433379,0.9876057624,60.28465588,77.65567922,0.3724394786,44.31620209,97.79684149,37.51218561,0.9998313189,0,0,3.022031585,693
itw,ssl_aasist_wavefake,source,0,0,0.1,0.9,bbse_quantile,available_pool,0.9530056037,13129,0.8999923833,5.255140899,5.255363273,0.9850284652,94.73684211,73.85546068,52.24676314,0.0423155044,97.74544901,3.008606901,0.06754669547,0,0,2.8638891,1190
itw,ssl_aasist_wavefake,source,0,0,0.1,0.9,bbse_quantile,disjoint_eval,0.9530056037,5129,0.8953012283,5.027932961,5.007433379,0.9876057624,94.46285826,73.72123976,52.51396648,0.04355400697,97.79684149,3.333983233,0.06754669547,0,0,3.022031585,693
itw,ssl_aasist_wavefake,source,0,0,0.1,0.95,median,available_pool,0.9835710647,12438,0.9499919601,4.662379421,4.667005554,0.9893568343,55.34651873,76.42181455,0.1607717042,46.99559919,98.71361955,43.36710082,0.9998365641,0,0,3.328509407,836
itw,ssl_aasist_wavefake,source,0,0,0.1,0.95,median,disjoint_eval,0.9835710647,4438,0.9529067147,3.452352802,3.400817549,0.994299443,54.91212258,76.3419248,0,47.31615039,98.98602974,44.07390717,0.9998365641,0,0,3.875619648,464
itw,ssl_aasist_wavefake,source,0,0,0.1,0.95,bbse_quantile,available_pool,0.9835710647,12438,0.9499919601,4.662379421,4.667005554,0.9893568343,96.71168998,67.1221865,65.75562701,0,98.71361955,2.001929571,0.01141961571,0,0,3.328509407,836
itw,ssl_aasist_wavefake,source,0,0,0.1,0.95,bbse_quantile,disjoint_eval,0.9835710647,4438,0.9529067147,3.452352802,3.400817549,0.994299443,97.13835061,69.61722488,60.76555024,0,98.98602974,1.847679135,0.01141961571,0,0,3.875619648,464
itw,ssl_aasist_wavefake,source,0,0,0.1,0.97,median,available_pool,0.9983443709,12181,0.9700353009,3.743597469,3.783921963,0.9899421263,54.54396191,76.43715046,0.2739726027,46.85172647,99.08874477,44.54478286,0.9998365641,0,0,3.234545604,695
itw,ssl_aasist_wavefake,source,0,0,0.1,0.97,median,disjoint_eval,0.9983443709,4181,0.9703420234,4.838709677,4.84725723,0.9891237368,55.13035159,76.87946759,0,46.24106483,99.18679742,44.05644583,0.9998365641,0,0,3.348481225,382
itw,ssl_aasist_wavefake,source,0,0,0.1,0.97,bbse_quantile,available_pool,0.9983443709,12181,0.9700353009,3.743597469,3.783921963,0.9899421263,97.17592973,52.87671233,94.24657534,0,99.08874477,1.91281504,0.0006824223092,0,0,3.234545604,695
itw,ssl_aasist_wavefake,source,0,0,0.1,0.97,bbse_quantile,disjoint_eval,0.9983443709,4181,0.9703420234,4.838709677,4.84725723,0.9891237368,97.20162641,52.82258065,94.35483871,0,99.18679742,1.985171012,0.0006824223092,0,0,3.348481225,382
itw,ssl_aasist_wavefake,source,0,0,0.21,0.97,median,available_pool,0.9983443709,12181,0.9700353009,3.743597469,3.783921963,0.9899421263,54.54396191,76.43715046,0.2739726027,46.85172647,99.08874477,44.54478286,0.9998365641,0,0,3.234545604,695
itw,ssl_aasist_wavefake,source,0,0,0.21,0.97,median,disjoint_eval,0.9983443709,4181,0.9703420234,4.838709677,4.84725723,0.9891237368,55.13035159,76.87946759,0,46.24106483,99.18679742,44.05644583,0.9998365641,0,0,3.348481225,382
itw,ssl_aasist_wavefake,source,0,0,0.21,0.97,bbse_quantile,available_pool,0.9983443709,12181,0.9700353009,3.743597469,3.783921963,0.9899421263,97.17592973,52.87671233,94.24657534,0,99.08874477,1.91281504,0.0006824223092,0,0,3.234545604,695
itw,ssl_aasist_wavefake,source,0,0,0.21,0.97,bbse_quantile,disjoint_eval,0.9983443709,4181,0.9703420234,4.838709677,4.84725723,0.9891237368,97.20162641,52.82258065,94.35483871,0,99.18679742,1.985171012,0.0006824223092,0,0,3.348481225,382
itw,ssl_aasist_wavefake,source,0,0,0.23,0.01,median,available_pool,0.3588894549,20165,0.01001735681,5.095631641,5.027469135,0.9859922788,51.31663774,75.41201222,49.17597555,0,99.1272006,47.81056286,0.105763562,0,0,0.2231589388,3369
itw,ssl_aasist_wavefake,source,0,0,0.23,0.01,median,disjoint_eval,0.3588894549,12165,0.009453349774,4.679306172,4.518311384,0.9870759517,51.46732429,75.50207469,48.99585062,0,99.15330867,47.68598438,0.105763562,0,0,0.2630497328,2806
itw,ssl_aasist_wavefake,source,0,0,0.23,0.01,bbse_quantile,available_pool,0.3588894549,20165,0.01001735681,5.095631641,5.027469135,0.9859922788,65.18720555,82.41747232,35.16505535,0,99.1272006,33.93999504,0.4779212773,0,0,0.2231589388,3369
itw,ssl_aasist_wavefake,source,0,0,0.23,0.01,bbse_quantile,disjoint_eval,0.3588894549,12165,0.009453349774,4.679306172,4.518311384,0.9870759517,65.17879162,82.42323651,35.15352697,0,99.15330867,33.97451706,0.4779212773,0,0,0.2630497328,2806
itw,ssl_aasist_wavefake,source,0,0,0.25,0.97,median,available_pool,0.9983443709,12181,0.9700353009,3.743597469,3.783921963,0.9899421263,54.54396191,76.43715046,0.2739726027,46.85172647,99.08874477,44.54478286,0.9998365641,0,0,3.234545604,695
itw,ssl_aasist_wavefake,source,0,0,0.25,0.97,median,disjoint_eval,0.9983443709,4181,0.9703420234,4.838709677,4.84725723,0.9891237368,55.13035159,76.87946759,0,46.24106483,99.18679742,44.05644583,0.9998365641,0,0,3.348481225,382
itw,ssl_aasist_wavefake,source,0,0,0.25,0.97,bbse_quantile,available_pool,0.9983443709,12181,0.9700353009,3.743597469,3.783921963,0.9899421263,97.17592973,52.87671233,94.24657534,0,99.08874477,1.91281504,0.0006824223092,0,0,3.234545604,695
itw,ssl_aasist_wavefake,source,0,0,0.25,0.97,bbse_quantile,disjoint_eval,0.9983443709,4181,0.9703420234,4.838709677,4.84725723,0.9891237368,97.20162641,52.82258065,94.35483871,0,99.18679742,1.985171012,0.0006824223092,0,0,3.348481225,382
itw,ssl_aasist_wavefake,source,0,0,0.3,0.01,median,available_pool,0.3588894549,20165,0.01001735681,5.095631641,5.027469135,0.9859922788,51.31663774,75.41201222,49.17597555,0,99.1272006,47.81056286,0.105763562,0,0,0.2231589388,3369
itw,ssl_aasist_wavefake,source,0,0,0.3,0.01,median,disjoint_eval,0.3588894549,12165,0.009453349774,4.679306172,4.518311384,0.9870759517,51.46732429,75.50207469,48.99585062,0,99.15330867,47.68598438,0.105763562,0,0,0.2630497328,2806
itw,ssl_aasist_wavefake,source,0,0,0.3,0.01,bbse_quantile,available_pool,0.3588894549,20165,0.01001735681,5.095631641,5.027469135,0.9859922788,65.18720555,82.41747232,35.16505535,0,99.1272006,33.93999504,0.4779212773,0,0,0.2231589388,3369
itw,ssl_aasist_wavefake,source,0,0,0.3,0.01,bbse_quantile,disjoint_eval,0.3588894549,12165,0.009453349774,4.679306172,4.518311384,0.9870759517,65.17879162,82.42323651,35.15352697,0,99.15330867,33.97451706,0.4779212773,0,0,0.2630497328,2806
itw,ssl_aasist_wavefake,source,0,0,0.3,0.02,median,available_pool,0.3689505858,20370,0.01998036328,5.15970516,5.152111258,0.9856010647,52.77859597,75.90792967,48.18414066,0,98.44869907,45.67010309,0.1179780215,0,0,0.2110947472,3328
itw,ssl_aasist_wavefake,source,0,0,0.3,0.02,median,disjoint_eval,0.3689505858,12370,0.01907841552,4.835695375,4.753452269,0.985556763,53.20129345,76.14554145,47.70891709,0,98.48019402,45.27890057,0.1179780215,0,0,0.2182700081,2828
itw,ssl_aasist_wavefake,source,0,0,0.3,0.02,bbse_quantile,available_pool,0.3689505858,20370,0.01998036328,5.15970516,5.152111258,0.9856010647,65.44918999,82.37238892,35.25522216,0,98.44869907,32.99950908,0.4772029221,0,0,0.2110947472,3328
itw,ssl_aasist_wavefake,source,0,0,0.3,0.02,bbse_quantile,disjoint_eval,0.3689505858,12370,0.01907841552,4.835695375,4.753452269,0.985556763,65.58609539,82.45838141,35.08323718,0,98.48019402,32.89409863,0.4772029221,0,0,0.2182700081,2828
itw,ssl_aasist_wavefake,source,0,0,0.3,0.05,median,available_pool,0.3894549159,21014,0.0500142762,5.137963844,5.131222066,0.9848915546,55.30598649,76.47648149,47.04703702,0,97.25421148,41.94822499,0.1336413622,0,0,0.2664890073,3366
itw,ssl_aasist_wavefake,source,0,0,0.3,0.05,median,disjoint_eval,0.3894549159,13014,0.05071461503,5.151515152,5.149822656,0.9850722499,55.56323959,76.59462522,46.81074955,0,97.21838021,41.65514062,0.1336413622,0,0,0.2612571077,2863
itw,ssl_aasist_wavefake,source,0,0,0.3,0.05,bbse_quantile,available_pool,0.3894549159,21014,0.0500142762,5.137963844,5.131222066,0.9848915546,66.27962311,82.2070974,35.49065772,0.09514747859,97.25421148,30.97458837,0.4663823247,0,0,0.2664890073,3366
itw,ssl_aasist_wavefake,source,0,0,0.3,0.05,bbse_quantile,disjoint_eval,0.3894549159,13014,0.05071461503,5.151515152,5.149822656,0.9850722499,66.50530198,82.35794075,35.2841185,0,97.21838021,30.71307822,0.4663823247,0,0,0.2612571077,2863
itw,ssl_aasist_wavefake,source,0,0,0.3,0.1,median,available_pool,0.4119969435,22181,0.09999549164,5.118186307,5.114590487,0.9846047017,59.01898021,77.23288083,45.53423834,0,96.16789144,37.14891123,0.1592174023,0,0,0.4328028493,3403
itw,ssl_aasist_wavefake,source,0,0,0.3,0.1,median,disjoint_eval,0.4119969435,14181,0.1019674212,5.113336848,5.114731024,0.9848861053,58.67710317,76.99254024,46.01491951,0,96.26260489,37.58550173,0.1592174023,0,0,0.4442563994,2944
itw,ssl_aasist_wavefake,source,0,0,0.3,0.1,bbse_quantile,available_pool,0.4119969435,22181,0.09999549164,5.118186307,5.114590487,0.9846047017,68.24309093,82.33732292,35.2802685,0.04508566276,96.16789144,27.9248005,0.4752534926,0,0,0.4328028493,3403
itw,ssl_aasist_wavefake,source,0,0,0.3,0.1,bbse_quantile,disjoint_eval,0.4119969435,14181,0.1019674212,5.113336848,5.114731024,0.9848861053,68.12636626,82.22297976,35.48488418,0.06915629322,96.26260489,28.13623863,0.4752534926,0,0,0.4442563994,2944
itw,ssl_aasist_wavefake,source,0,0,0.3,0.3718,median,available_pool,0.6050687723,31778,0.3717980993,5.05656789,5.056129337,0.9853417566,86.7014916,89.33769115,20.94374593,0.3808717732,94.96192334,8.260431745,0.927887857,0,0,1.233557807,3354
itw,ssl_aasist_wavefake,source,0,0,0.3,0.3718,median,disjoint_eval,0.6050687723,23778,0.3729077298,5.043768237,5.04556349,0.9855306176,86.76507696,89.37424682,20.89061766,0.3608886884,94.9785516,8.21347464,0.927887857,0,0,1.278492724,3058
itw,ssl_aasist_wavefake,source,0,0,0.3,0.3718,bbse_quantile,available_pool,0.6050687723,31778,0.3717980993,5.05656789,5.056129337,0.9853417566,76.95890239,81.64898206,36.64278916,0.05924672027,94.96192334,18.00302096,0.4231069982,0,0,1.233557807,3354
itw,ssl_aasist_wavefake,source,0,0,0.3,0.3718,bbse_quantile,disjoint_eval,0.6050687723,23778,0.3729077298,5.043768237,5.04556349,0.9855306176,77.1805871,81.7939503,36.35571055,0.05638885756,94.9785516,17.79796451,0.4231069982,0,0,1.278492724,3058
itw,ssl_aasist_wavefake,source,0,0,0.3,0.9,median,available_pool,0.9530056037,13129,0.8999923833,5.255140899,5.255363273,0.9850284652,59.98933658,77.46702291,0.6854531607,44.38050102,97.74544901,37.75611242,0.9998313189,0,0,2.8638891,1190
itw,ssl_aasist_wavefake,source,0,0,0.3,0.9,median,disjoint_eval,0.9530056037,5129,0.8953012283,5.027932961,5.007433379,0.9876057624,60.28465588,77.65567922,0.3724394786,44.31620209,97.79684149,37.51218561,0.9998313189,0,0,3.022031585,693
itw,ssl_aasist_wavefake,source,0,0,0.3,0.9,bbse_quantile,available_pool,0.9530056037,13129,0.8999923833,5.255140899,5.255363273,0.9850284652,94.73684211,73.85546068,52.24676314,0.0423155044,97.74544901,3.008606901,0.06754669547,0,0,2.8638891,1190
itw,ssl_aasist_wavefake,source,0,0,0.3,0.9,bbse_quantile,disjoint_eval,0.9530056037,5129,0.8953012283,5.027932961,5.007433379,0.9876057624,94.46285826,73.72123976,52.51396648,0.04355400697,97.79684149,3.333983233,0.06754669547,0,0,3.022031585,693
itw,ssl_aasist_wavefake,source,0,0,0.3,0.95,median,available_pool,0.9835710647,12438,0.9499919601,4.662379421,4.667005554,0.9893568343,55.34651873,76.42181455,0.1607717042,46.99559919,98.71361955,43.36710082,0.9998365641,0,0,3.328509407,836
itw,ssl_aasist_wavefake,source,0,0,0.3,0.95,median,disjoint_eval,0.9835710647,4438,0.9529067147,3.452352802,3.400817549,0.994299443,54.91212258,76.3419248,0,47.31615039,98.98602974,44.07390717,0.9998365641,0,0,3.875619648,464
itw,ssl_aasist_wavefake,source,0,0,0.3,0.95,bbse_quantile,available_pool,0.9835710647,12438,0.9499919601,4.662379421,4.667005554,0.9893568343,96.71168998,67.1221865,65.75562701,0,98.71361955,2.001929571,0.01141961571,0,0,3.328509407,836
itw,ssl_aasist_wavefake,source,0,0,0.3,0.95,bbse_quantile,disjoint_eval,0.9835710647,4438,0.9529067147,3.452352802,3.400817549,0.994299443,97.13835061,69.61722488,60.76555024,0,98.98602974,1.847679135,0.01141961571,0,0,3.875619648,464
itw,ssl_aasist_wavefake,source,0,0,0.3,0.97,median,available_pool,0.9983443709,12181,0.9700353009,3.743597469,3.783921963,0.9899421263,54.54396191,76.43715046,0.2739726027,46.85172647,99.08874477,44.54478286,0.9998365641,0,0,3.234545604,695
itw,ssl_aasist_wavefake,source,0,0,0.3,0.97,median,disjoint_eval,0.9983443709,4181,0.9703420234,4.838709677,4.84725723,0.9891237368,55.13035159,76.87946759,0,46.24106483,99.18679742,44.05644583,0.9998365641,0,0,3.348481225,382
itw,ssl_aasist_wavefake,source,0,0,0.3,0.97,bbse_quantile,available_pool,0.9983443709,12181,0.9700353009,3.743597469,3.783921963,0.9899421263,97.17592973,52.87671233,94.24657534,0,99.08874477,1.91281504,0.0006824223092,0,0,3.234545604,695
itw,ssl_aasist_wavefake,source,0,0,0.3,0.97,bbse_quantile,disjoint_eval,0.9983443709,4181,0.9703420234,4.838709677,4.84725723,0.9891237368,97.20162641,52.82258065,94.35483871,0,99.18679742,1.985171012,0.0006824223092,0,0,3.348481225,382
itw,ssl_aasist_wavefake,source,0,0,0.45,0.3718,median,available_pool,0.6050687723,31778,0.3717980993,5.05656789,5.056129337,0.9853417566,86.7014916,89.33769115,20.94374593,0.3808717732,94.96192334,8.260431745,0.927887857,0,0,1.233557807,3354
itw,ssl_aasist_wavefake,source,0,0,0.45,0.3718,median,disjoint_eval,0.6050687723,23778,0.3729077298,5.043768237,5.04556349,0.9855306176,86.76507696,89.37424682,20.89061766,0.3608886884,94.9785516,8.21347464,0.927887857,0,0,1.278492724,3058
itw,ssl_aasist_wavefake,source,0,0,0.45,0.3718,bbse_quantile,available_pool,0.6050687723,31778,0.3717980993,5.05656789,5.056129337,0.9853417566,76.95890239,81.64898206,36.64278916,0.05924672027,94.96192334,18.00302096,0.4231069982,0,0,1.233557807,3354
itw,ssl_aasist_wavefake,source,0,0,0.45,0.3718,bbse_quantile,disjoint_eval,0.6050687723,23778,0.3729077298,5.043768237,5.04556349,0.9855306176,77.1805871,81.7939503,36.35571055,0.05638885756,94.9785516,17.79796451,0.4231069982,0,0,1.278492724,3058
itw,ssl_aasist_wavefake,source,0,0,0.4,0.3718,median,available_pool,0.6050687723,31778,0.3717980993,5.05656789,5.056129337,0.9853417566,86.7014916,89.33769115,20.94374593,0.3808717732,94.96192334,8.260431745,0.927887857,0,0,1.233557807,3354
itw,ssl_aasist_wavefake,source,0,0,0.4,0.3718,median,disjoint_eval,0.6050687723,23778,0.3729077298,5.043768237,5.04556349,0.9855306176,86.76507696,89.37424682,20.89061766,0.3608886884,94.9785516,8.21347464,0.927887857,0,0,1.278492724,3058
itw,ssl_aasist_wavefake,source,0,0,0.4,0.3718,bbse_quantile,available_pool,0.6050687723,31778,0.3717980993,5.05656789,5.056129337,0.9853417566,76.95890239,81.64898206,36.64278916,0.05924672027,94.96192334,18.00302096,0.4231069982,0,0,1.233557807,3354
itw,ssl_aasist_wavefake,source,0,0,0.4,0.3718,bbse_quantile,disjoint_eval,0.6050687723,23778,0.3729077298,5.043768237,5.04556349,0.9855306176,77.1805871,81.7939503,36.35571055,0.05638885756,94.9785516,17.79796451,0.4231069982,0,0,1.278492724,3058
itw,ssl_aasist_wavefake,source,0,0,0.5,0.3718,median,available_pool,0.6050687723,31778,0.3717980993,5.05656789,5.056129337,0.9853417566,86.7014916,89.33769115,20.94374593,0.3808717732,94.96192334,8.260431745,0.927887857,0,0,1.233557807,3354
itw,ssl_aasist_wavefake,source,0,0,0.5,0.3718,median,disjoint_eval,0.6050687723,23778,0.3729077298,5.043768237,5.04556349,0.9855306176,86.76507696,89.37424682,20.89061766,0.3608886884,94.9785516,8.21347464,0.927887857,0,0,1.278492724,3058
itw,ssl_aasist_wavefake,source,0,0,0.5,0.3718,bbse_quantile,available_pool,0.6050687723,31778,0.3717980993,5.05656789,5.056129337,0.9853417566,76.95890239,81.64898206,36.64278916,0.05924672027,94.96192334,18.00302096,0.4231069982,0,0,1.233557807,3354
itw,ssl_aasist_wavefake,source,0,0,0.5,0.3718,bbse_quantile,disjoint_eval,0.6050687723,23778,0.3729077298,5.043768237,5.04556349,0.9855306176,77.1805871,81.7939503,36.35571055,0.05638885756,94.9785516,17.79796451,0.4231069982,0,0,1.278492724,3058
itw,ssl_aasist_wavefake,source,1,0,0.06,0.01,median,available_pool,0.3587620988,20165,0.01001735681,5.095631641,5.027469135,0.9859922788,50.7364245,75.11897009,49.76205981,0,99.1272006,48.3907761,0.09964543581,0,0,0.2231589388,3369
itw,ssl_aasist_wavefake,source,1,0,0.06,0.01,median,disjoint_eval,0.3587620988,12165,0.0087135224,5.098165953,4.91259953,0.9841803742,50.43156597,74.99792686,50.00414628,0,99.23551171,48.80394575,0.09964543581,0,0,0.2794903411,2848
itw,ssl_aasist_wavefake,source,1,0,0.06,0.01,bbse_quantile,available_pool,0.3587620988,20165,0.01001735681,5.095631641,5.027469135,0.9859922788,65.08306472,82.36487502,35.27024996,0,99.1272006,34.04413588,0.4734061956,0,0,0.2231589388,3369
itw,ssl_aasist_wavefake,source,1,0,0.06,0.01,bbse_quantile,disjoint_eval,0.3587620988,12165,0.0087135224,5.098165953,4.91259953,0.9841803742,64.92396219,82.30781989,35.38436023,0,99.23551171,34.31154953,0.4734061956,0,0,0.2794903411,2848
itw,ssl_aasist_wavefake,source,1,0,0.08,0.97,median,available_pool,0.9980896587,12181,0.9700353009,3.743597469,3.783921963,0.9899421263,54.54396191,76.43715046,0.2739726027,46.85172647,99.08874477,44.54478286,0.9998365641,0,0,3.234545604,695
itw,ssl_aasist_wavefake,source,1,0,0.08,0.97,median,disjoint_eval,0.9980896587,4181,0.9691461373,2.993039443,3.043477429,0.9957614959,54.7237503,76.64116486,0,46.71767029,99.0672088,44.3434585,0.9998365641,0,0,3.324563502,385
itw,ssl_aasist_wavefake,source,1,0,0.08,0.97,bbse_quantile,available_pool,0.9980896587,12181,0.9700353009,3.743597469,3.783921963,0.9899421263,97.24160578,53.97260274,92.05479452,0,99.08874477,1.847138987,0.0008407596615,0,0,3.234545604,695
itw,ssl_aasist_wavefake,source,1,0,0.08,0.97,bbse_quantile,disjoint_eval,0.9980896587,4181,0.9691461373,2.993039443,3.043477429,0.9957614959,97.22554413,55.03875969,89.92248062,0,99.0672088,1.841664674,0.0008407596615,0,0,3.324563502,385
itw,ssl_aasist_wavefake,source,1,0,0.15,0.01,median,available_pool,0.3587620988,20165,0.01001735681,5.095631641,5.027469135,0.9859922788,50.7364245,75.11897009,49.76205981,0,99.1272006,48.3907761,0.09964543581,0,0,0.2231589388,3369
itw,ssl_aasist_wavefake,source,1,0,0.15,0.01,median,disjoint_eval,0.3587620988,12165,0.0087135224,5.098165953,4.91259953,0.9841803742,50.43156597,74.99792686,50.00414628,0,99.23551171,48.80394575,0.09964543581,0,0,0.2794903411,2848
itw,ssl_aasist_wavefake,source,1,0,0.15,0.01,bbse_quantile,available_pool,0.3587620988,20165,0.01001735681,5.095631641,5.027469135,0.9859922788,65.08306472,82.36487502,35.27024996,0,99.1272006,34.04413588,0.4734061956,0,0,0.2231589388,3369
itw,ssl_aasist_wavefake,source,1,0,0.15,0.01,bbse_quantile,disjoint_eval,0.3587620988,12165,0.0087135224,5.098165953,4.91259953,0.9841803742,64.92396219,82.30781989,35.38436023,0,99.23551171,34.31154953,0.4734061956,0,0,0.2794903411,2848
itw,ssl_aasist_wavefake,source,1,0,0.17,0.97,median,available_pool,0.9980896587,12181,0.9700353009,3.743597469,3.783921963,0.9899421263,54.54396191,76.43715046,0.2739726027,46.85172647,99.08874477,44.54478286,0.9998365641,0,0,3.234545604,695
itw,ssl_aasist_wavefake,source,1,0,0.17,0.97,median,disjoint_eval,0.9980896587,4181,0.9691461373,2.993039443,3.043477429,0.9957614959,54.7237503,76.64116486,0,46.71767029,99.0672088,44.3434585,0.9998365641,0,0,3.324563502,385
itw,ssl_aasist_wavefake,source,1,0,0.17,0.97,bbse_quantile,available_pool,0.9980896587,12181,0.9700353009,3.743597469,3.783921963,0.9899421263,97.24160578,53.97260274,92.05479452,0,99.08874477,1.847138987,0.0008407596615,0,0,3.234545604,695
itw,ssl_aasist_wavefake,source,1,0,0.17,0.97,bbse_quantile,disjoint_eval,0.9980896587,4181,0.9691461373,2.993039443,3.043477429,0.9957614959,97.22554413,55.03875969,89.92248062,0,99.0672088,1.841664674,0.0008407596615,0,0,3.324563502,385
itw,ssl_aasist_wavefake,source,1,0,0.3,0.01,median,available_pool,0.3587620988,20165,0.01001735681,5.095631641,5.027469135,0.9859922788,50.7364245,75.11897009,49.76205981,0,99.1272006,48.3907761,0.09964543581,0,0,0.2231589388,3369
itw,ssl_aasist_wavefake,source,1,0,0.3,0.01,median,disjoint_eval,0.3587620988,12165,0.0087135224,5.098165953,4.91259953,0.9841803742,50.43156597,74.99792686,50.00414628,0,99.23551171,48.80394575,0.09964543581,0,0,0.2794903411,2848
itw,ssl_aasist_wavefake,source,1,0,0.3,0.01,bbse_quantile,available_pool,0.3587620988,20165,0.01001735681,5.095631641,5.027469135,0.9859922788,65.08306472,82.36487502,35.27024996,0,99.1272006,34.04413588,0.4734061956,0,0,0.2231589388,3369
itw,ssl_aasist_wavefake,source,1,0,0.3,0.01,bbse_quantile,disjoint_eval,0.3587620988,12165,0.0087135224,5.098165953,4.91259953,0.9841803742,64.92396219,82.30781989,35.38436023,0,99.23551171,34.31154953,0.4734061956,0,0,0.2794903411,2848
itw,ssl_aasist_wavefake,source,1,0,0.3,0.97,median,available_pool,0.9980896587,12181,0.9700353009,3.743597469,3.783921963,0.9899421263,54.54396191,76.43715046,0.2739726027,46.85172647,99.08874477,44.54478286,0.9998365641,0,0,3.234545604,695
itw,ssl_aasist_wavefake,source,1,0,0.3,0.97,median,disjoint_eval,0.9980896587,4181,0.9691461373,2.993039443,3.043477429,0.9957614959,54.7237503,76.64116486,0,46.71767029,99.0672088,44.3434585,0.9998365641,0,0,3.324563502,385
itw,ssl_aasist_wavefake,source,1,0,0.3,0.97,bbse_quantile,available_pool,0.9980896587,12181,0.9700353009,3.743597469,3.783921963,0.9899421263,97.24160578,53.97260274,92.05479452,0,99.08874477,1.847138987,0.0008407596615,0,0,3.234545604,695
itw,ssl_aasist_wavefake,source,1,0,0.3,0.97,bbse_quantile,disjoint_eval,0.9980896587,4181,0.9691461373,2.993039443,3.043477429,0.9957614959,97.22554413,55.03875969,89.92248062,0,99.0672088,1.841664674,0.0008407596615,0,0,3.324563502,385
itw,ssl_aasist_wavefake,source,1,0,0.5,0.3718,median,available_pool,0.6009933775,31778,0.3717980993,5.05656789,5.056129337,0.9853417566,87.53540185,89.98069174,19.55617893,0.4824375793,94.96192334,7.426521493,0.9443820715,0,0,1.233557807,3354
itw,ssl_aasist_wavefake,source,1,0,0.5,0.3718,median,disjoint_eval,0.6009933775,23778,0.3715198923,5.000888257,4.998714694,0.9858046336,87.77020776,90.17777758,19.19164882,0.4527960154,95.05004626,7.279838506,0.9443820715,0,0,1.257464884,3085
itw,ssl_aasist_wavefake,source,1,0,0.5,0.3718,bbse_quantile,available_pool,0.6009933775,31778,0.3717980993,5.05656789,5.056129337,0.9853417566,77.07218831,81.73914887,36.46245554,0.05924672027,94.96192334,17.88973504,0.4310222566,0,0,1.233557807,3354
itw,ssl_aasist_wavefake,source,1,0,0.5,0.3718,bbse_quantile,disjoint_eval,0.6009933775,23778,0.3715198923,5.000888257,4.998714694,0.9858046336,77.05021448,81.72795143,36.47617773,0.06791940231,95.05004626,17.99983178,0.4310222566,0,0,1.257464884,3085
itw,ssl_aasist_wavefake,source,2,0,0.06,0.01,median,available_pool,0.3582526745,20165,0.01001735681,5.095631641,5.027469135,0.9859922788,51.03396975,75.26924811,49.46150378,0,99.1272006,48.09323085,0.1030244306,0,0,0.2231589388,3369
itw,ssl_aasist_wavefake,source,2,0,0.06,0.01,median,disjoint_eval,0.3582526745,12165,0.009042334566,5.191764231,5.319558086,0.9871614947,50.97410604,75.26337619,49.47324762,0,99.2108508,48.23674476,0.1030244306,0,0,0.2301685162,2843
itw,ssl_aasist_wavefake,source,2,0,0.06,0.01,bbse_quantile,available_pool,0.3582526745,20165,0.01001735681,5.095631641,5.027469135,0.9859922788,65.08306472,82.36487502,35.27024996,0,99.1272006,34.04413588,0.4732837081,0,0,0.2231589388,3369
itw,ssl_aasist_wavefake,source,2,0,0.06,0.01,bbse_quantile,disjoint_eval,0.3582526745,12165,0.009042334566,5.191764231,5.319558086,0.9871614947,64.92396219,82.3019494,35.3961012,0,99.2108508,34.28688861,0.4732837081,0,0,0.2301685162,2843
itw,ssl_aasist_wavefake,source,2,0,0.08,0.97,median,available_pool,0.9977075904,12181,0.9700353009,3.743597469,3.783921963,0.9899421263,54.54396191,76.43715046,0.2739726027,46.85172647,99.08874477,44.54478286,0.9998365641,0,0,3.234545604,695
itw,ssl_aasist_wavefake,source,2,0,0.08,0.97,median,disjoint_eval,0.9977075904,4181,0.9686677828,5.59674719,5.474224861,0.9804108944,54.36498445,76.07511073,0.7633587786,47.08641975,99.09112652,44.72614207,0.9998365641,0,0,3.300645779,385
itw,ssl_aasist_wavefake,source,2,0,0.08,0.97,bbse_quantile,available_pool,0.9977075904,12181,0.9700353009,3.743597469,3.783921963,0.9899421263,97.27444381,54.52054795,90.95890411,0,99.08874477,1.814300961,0.0009506989736,0,0,3.234545604,695
itw,ssl_aasist_wavefake,source,2,0,0.08,0.97,bbse_quantile,disjoint_eval,0.9977075904,4181,0.9686677828,5.59674719,5.474224861,0.9804108944,97.20162641,55.34351145,89.3129771,0,99.09112652,1.88950012,0.0009506989736,0,0,3.300645779,385
itw,ssl_aasist_wavefake,source,2,0,0.15,0.01,median,available_pool,0.3582526745,20165,0.01001735681,5.095631641,5.027469135,0.9859922788,51.03396975,75.26924811,49.46150378,0,99.1272006,48.09323085,0.1030244306,0,0,0.2231589388,3369
itw,ssl_aasist_wavefake,source,2,0,0.15,0.01,median,disjoint_eval,0.3582526745,12165,0.009042334566,5.191764231,5.319558086,0.9871614947,50.97410604,75.26337619,49.47324762,0,99.2108508,48.23674476,0.1030244306,0,0,0.2301685162,2843
itw,ssl_aasist_wavefake,source,2,0,0.15,0.01,bbse_quantile,available_pool,0.3582526745,20165,0.01001735681,5.095631641,5.027469135,0.9859922788,65.08306472,82.36487502,35.27024996,0,99.1272006,34.04413588,0.4732837081,0,0,0.2231589388,3369
itw,ssl_aasist_wavefake,source,2,0,0.15,0.01,bbse_quantile,disjoint_eval,0.3582526745,12165,0.009042334566,5.191764231,5.319558086,0.9871614947,64.92396219,82.3019494,35.3961012,0,99.2108508,34.28688861,0.4732837081,0,0,0.2301685162,2843
itw,ssl_aasist_wavefake,source,2,0,0.17,0.97,median,available_pool,0.9977075904,12181,0.9700353009,3.743597469,3.783921963,0.9899421263,54.54396191,76.43715046,0.2739726027,46.85172647,99.08874477,44.54478286,0.9998365641,0,0,3.234545604,695
itw,ssl_aasist_wavefake,source,2,0,0.17,0.97,median,disjoint_eval,0.9977075904,4181,0.9686677828,5.59674719,5.474224861,0.9804108944,54.36498445,76.07511073,0.7633587786,47.08641975,99.09112652,44.72614207,0.9998365641,0,0,3.300645779,385
itw,ssl_aasist_wavefake,source,2,0,0.17,0.97,bbse_quantile,available_pool,0.9977075904,12181,0.9700353009,3.743597469,3.783921963,0.9899421263,97.27444381,54.52054795,90.95890411,0,99.08874477,1.814300961,0.0009506989736,0,0,3.234545604,695
itw,ssl_aasist_wavefake,source,2,0,0.17,0.97,bbse_quantile,disjoint_eval,0.9977075904,4181,0.9686677828,5.59674719,5.474224861,0.9804108944,97.20162641,55.34351145,89.3129771,0,99.09112652,1.88950012,0.0009506989736,0,0,3.300645779,385
itw,ssl_aasist_wavefake,source,2,0,0.3,0.01,median,available_pool,0.3582526745,20165,0.01001735681,5.095631641,5.027469135,0.9859922788,51.03396975,75.26924811,49.46150378,0,99.1272006,48.09323085,0.1030244306,0,0,0.2231589388,3369
itw,ssl_aasist_wavefake,source,2,0,0.3,0.01,median,disjoint_eval,0.3582526745,12165,0.009042334566,5.191764231,5.319558086,0.9871614947,50.97410604,75.26337619,49.47324762,0,99.2108508,48.23674476,0.1030244306,0,0,0.2301685162,2843
itw,ssl_aasist_wavefake,source,2,0,0.3,0.01,bbse_quantile,available_pool,0.3582526745,20165,0.01001735681,5.095631641,5.027469135,0.9859922788,65.08306472,82.36487502,35.27024996,0,99.1272006,34.04413588,0.4732837081,0,0,0.2231589388,3369
itw,ssl_aasist_wavefake,source,2,0,0.3,0.01,bbse_quantile,disjoint_eval,0.3582526745,12165,0.009042334566,5.191764231,5.319558086,0.9871614947,64.92396219,82.3019494,35.3961012,0,99.2108508,34.28688861,0.4732837081,0,0,0.2301685162,2843
itw,ssl_aasist_wavefake,source,2,0,0.3,0.97,median,available_pool,0.9977075904,12181,0.9700353009,3.743597469,3.783921963,0.9899421263,54.54396191,76.43715046,0.2739726027,46.85172647,99.08874477,44.54478286,0.9998365641,0,0,3.234545604,695
itw,ssl_aasist_wavefake,source,2,0,0.3,0.97,median,disjoint_eval,0.9977075904,4181,0.9686677828,5.59674719,5.474224861,0.9804108944,54.36498445,76.07511073,0.7633587786,47.08641975,99.09112652,44.72614207,0.9998365641,0,0,3.300645779,385
itw,ssl_aasist_wavefake,source,2,0,0.3,0.97,bbse_quantile,available_pool,0.9977075904,12181,0.9700353009,3.743597469,3.783921963,0.9899421263,97.27444381,54.52054795,90.95890411,0,99.08874477,1.814300961,0.0009506989736,0,0,3.234545604,695
itw,ssl_aasist_wavefake,source,2,0,0.3,0.97,bbse_quantile,disjoint_eval,0.9977075904,4181,0.9686677828,5.59674719,5.474224861,0.9804108944,97.20162641,55.34351145,89.3129771,0,99.09112652,1.88950012,0.0009506989736,0,0,3.300645779,385
itw,ssl_aasist_wavefake,source,2,0,0.5,0.3718,median,available_pool,0.6004839531,31778,0.3717980993,5.05656789,5.056129337,0.9853417566,86.85883316,89.45946828,20.68326404,0.3977994075,94.96192334,8.103090188,0.9314625263,0,0,1.233557807,3354
itw,ssl_aasist_wavefake,source,2,0,0.5,0.3718,median,disjoint_eval,0.6004839531,23778,0.3720245605,5.028685458,5.031253598,0.9854510392,86.8786273,89.46970331,20.65362979,0.4069635994,95.04163512,8.163007822,0.9314625263,0,0,1.282698293,3051
itw,ssl_aasist_wavefake,source,2,0,0.5,0.3718,bbse_quantile,available_pool,0.6004839531,31778,0.3717980993,5.05656789,5.056129337,0.9853417566,77.10365662,81.7641952,36.41236287,0.05924672027,94.96192334,17.85826673,0.4331867993,0,0,1.233557807,3354
itw,ssl_aasist_wavefake,source,2,0,0.5,0.3718,bbse_quantile,disjoint_eval,0.6004839531,23778,0.3720245605,5.028685458,5.031253598,0.9854510392,77.14273698,81.7916154,36.37155103,0.04521817771,95.04163512,17.89889814,0.4331867993,0,0,1.282698293,3051
