seed,target,method,epoch,q_t,lo_frac,hi_frac,lambda_t,c_epoch,shift,pi_real,shrunk,q_max,n_conf,stopped
0,arabic,ours_gmmq,0,0.1,0.0505,0.1495,0.3,,,0.2525,False,0.3,1323,
0,arabic,ours_gmmq,1,0.1286,0.0649,0.1922,0.3,0.0,0.30303,0.2525,False,0.3,1545,
0,arabic,ours_gmmq,2,0.1571,0.0793,0.2349,0.3,0.0,0.0216,0.2525,False,0.3,1889,
0,arabic,ours_gmmq,3,0.1857,0.0938,0.2777,0.3,0.0,0.06035,0.2525,False,0.3,2229,fixed_E
0,dataset2,ours_gmmq,0,0.1,0.0875,0.1125,0.3,,,0.4375,False,0.3,797,
0,dataset2,ours_gmmq,1,0.1286,0.1125,0.1447,0.3,0.0,0.4028,0.4375,False,0.3,714,
0,dataset2,ours_gmmq,2,0.1571,0.1375,0.1768,0.3,0.0,0.02488,0.4375,False,0.3,875,
0,dataset2,ours_gmmq,3,0.1857,0.1625,0.2089,0.3,0.0,0.03408,0.4375,False,0.3,1032,fixed_E
0,in_the_wild,ours_gmmq,0,0.1,0.0444,0.1556,0.3,,,0.222,False,0.3,3060,
0,in_the_wild,ours_gmmq,1,0.1286,0.0571,0.2,0.3,0.0,0.03549,0.222,False,0.3,3245,
0,in_the_wild,ours_gmmq,2,0.1571,0.0698,0.2445,0.3,0.0,0.10949,0.222,False,0.3,1894,
0,in_the_wild,ours_gmmq,3,0.1857,0.0825,0.289,0.3,0.0,0.0434,0.222,False,0.3,2233,fixed_E
0,asvspoof2019,ours_gmmq,0,0.1,0.0348,0.1652,0.3,,,0.1741,False,0.3,3352,
0,asvspoof2019,ours_gmmq,1,0.1286,0.0448,0.2124,0.3,0.0,0.20998,0.1741,False,0.3,1698,
0,asvspoof2019,ours_gmmq,2,0.1571,0.0547,0.2596,0.3,0.0,0.06334,0.1741,False,0.3,1891,
0,asvspoof2019,ours_gmmq,3,0.1857,0.0647,0.3068,0.3,0.0,0.05244,0.1741,False,0.3,2232,fixed_E
1,arabic,ours_gmmq,0,0.1,0.0328,0.1672,0.3,,,0.1638,False,0.3,2168,
1,arabic,ours_gmmq,1,0.1286,0.0421,0.215,0.3,0.0,0.17521,0.1638,False,0.3,1548,
1,arabic,ours_gmmq,2,0.1571,0.0515,0.2628,0.3,0.0,0.10129,0.1638,False,0.3,1888,
1,arabic,ours_gmmq,3,0.1857,0.0608,0.3106,0.3,0.0,0.0218,0.1638,False,0.3,2234,fixed_E
1,dataset2,ours_gmmq,0,0.1,0.1401,0.0599,0.3,,,0.7006,False,0.3,624,
1,dataset2,ours_gmmq,1,0.1286,0.1802,0.077,0.3,0.0,0.34236,0.7006,False,0.3,715,
1,dataset2,ours_gmmq,2,0.1571,0.2202,0.0941,0.3,0.0,0.03302,0.7006,False,0.3,873,
1,dataset2,ours_gmmq,3,0.1857,0.2602,0.1112,0.3,0.0,0.01744,0.7006,False,0.3,1033,fixed_E
1,in_the_wild,ours_gmmq,0,,,,0.3,,,0.08223307135120483,False,0.3,0,tails_merged
1,asvspoof2019,ours_gmmq,0,0.1,0.0264,0.1736,0.3,,,0.1321,False,0.3,3103,
1,asvspoof2019,ours_gmmq,1,0.1286,0.034,0.2232,0.3,0.0,0.15961,0.1321,False,0.3,1544,
1,asvspoof2019,ours_gmmq,2,0.1571,0.0415,0.2728,0.3,0.0,0.05998,0.1321,False,0.3,1887,
1,asvspoof2019,ours_gmmq,3,0.1857,0.0491,0.3223,0.3,0.0,0.05582,0.1321,False,0.3,2234,fixed_E
2,arabic,ours_gmmq,0,0.1,0.0455,0.1545,0.3,,,0.2276,False,0.3,1415,
2,arabic,ours_gmmq,1,0.1286,0.0585,0.1986,0.3,0.0,0.22024,0.2276,False,0.3,1546,
2,arabic,ours_gmmq,2,0.1571,0.0715,0.2428,0.3,0.0,0.02075,0.2276,False,0.3,1887,
2,arabic,ours_gmmq,3,0.1857,0.0845,0.2869,0.3,0.0,0.02135,0.2276,False,0.3,2231,fixed_E
2,dataset2,ours_gmmq,0,0.1,0.1283,0.0717,0.3,,,0.6413,False,0.3,600,
2,dataset2,ours_gmmq,1,0.1286,0.1649,0.0922,0.3,0.0,0.39997,0.6413,False,0.3,717,
2,dataset2,ours_gmmq,2,0.1571,0.2016,0.1127,0.3,0.0,0.03587,0.6413,False,0.3,873,
2,dataset2,ours_gmmq,3,0.1857,0.2382,0.1332,0.3,0.0,0.01185,0.6413,False,0.3,1031,fixed_E
2,in_the_wild,ours_gmmq,0,0.1,0.0185,0.1815,0.3,,,0.0927,False,0.3,1326,
2,in_the_wild,ours_gmmq,1,0.1286,0.0238,0.2333,0.3,0.0,0.0131,0.0927,False,0.3,1552,
2,in_the_wild,ours_gmmq,2,0.1571,0.0291,0.2851,0.3,0.0,0.01139,0.0927,False,0.3,2162,
2,in_the_wild,ours_gmmq,3,0.1857,0.0344,0.337,0.3,0.0,0.04178,0.0927,False,0.3,2243,fixed_E
2,asvspoof2019,ours_gmmq,0,0.1,0.0204,0.1796,0.3,,,0.1022,False,0.3,4475,
2,asvspoof2019,ours_gmmq,1,0.1286,0.0263,0.2309,0.3,0.0,0.07488,0.1022,False,0.3,4002,
2,asvspoof2019,ours_gmmq,2,0.1571,0.0321,0.2822,0.3,0.0,0.06571,0.1022,False,0.3,2388,
2,asvspoof2019,ours_gmmq,3,0.1857,0.0379,0.3335,0.3,0.0,0.08519,0.1022,False,0.3,2229,fixed_E
3,arabic,ours_gmmq,0,0.1,0.0628,0.1372,0.3,,,0.3142,False,0.3,1206,
3,arabic,ours_gmmq,1,0.1286,0.0808,0.1764,0.3,0.0,0.32108,0.3142,False,0.3,1545,
3,arabic,ours_gmmq,2,0.1571,0.0987,0.2155,0.3,0.0,0.02696,0.3142,False,0.3,1889,
3,arabic,ours_gmmq,3,0.1857,0.1167,0.2547,0.3,0.0,0.01743,0.3142,False,0.3,2232,fixed_E
3,dataset2,ours_gmmq,0,0.1,0.0888,0.1112,0.3,,,0.444,False,0.3,609,
3,dataset2,ours_gmmq,1,0.1286,0.1142,0.143,0.3,0.0,0.45398,0.444,False,0.3,714,
3,dataset2,ours_gmmq,2,0.1571,0.1396,0.1747,0.3,0.0,0.01882,0.444,False,0.3,874,
3,dataset2,ours_gmmq,3,0.1857,0.1649,0.2065,0.3,0.0,0.04187,0.444,False,0.3,1032,fixed_E
3,in_the_wild,ours_gmmq,0,0.1,0.018,0.182,0.3,,,0.0899,False,0.3,3544,
3,in_the_wild,ours_gmmq,1,0.1286,0.0231,0.234,0.3,0.0,0.11055,0.0899,False,0.3,1550,
3,in_the_wild,ours_gmmq,2,0.1571,0.0283,0.286,0.3,0.0,0.02293,0.0899,False,0.3,1900,
3,in_the_wild,ours_gmmq,3,0.1857,0.0334,0.338,0.3,0.0,0.01832,0.0899,False,0.3,2234,fixed_E
3,asvspoof2019,ours_gmmq,0,0.1,0.0266,0.1734,0.3,,,0.1328,False,0.3,2833,
3,asvspoof2019,ours_gmmq,1,0.1286,0.0342,0.223,0.3,0.0,0.17354,0.1328,False,0.3,1590,
3,asvspoof2019,ours_gmmq,2,0.1571,0.0418,0.2725,0.3,0.0,0.08062,0.1328,False,0.3,1892,
3,asvspoof2019,ours_gmmq,3,0.1857,0.0493,0.3221,0.3,0.0,0.01808,0.1328,False,0.3,2230,fixed_E
4,arabic,ours_gmmq,0,0.1,0.045,0.155,0.3,,,0.225,False,0.3,1308,
4,arabic,ours_gmmq,1,0.1286,0.0579,0.1993,0.3,0.0,0.38616,0.225,False,0.3,1546,
4,arabic,ours_gmmq,2,0.1571,0.0707,0.2436,0.3,0.0,0.05237,0.225,False,0.3,1890,
4,arabic,ours_gmmq,3,0.1857,0.0836,0.2878,0.3,0.0,0.01654,0.225,False,0.3,2234,fixed_E
4,dataset2,ours_gmmq,0,0.1,0.1119,0.0881,0.3,,,0.5596,False,0.3,585,
4,dataset2,ours_gmmq,1,0.1286,0.1439,0.1132,0.3,0.0,0.53502,0.5596,False,0.3,714,
4,dataset2,ours_gmmq,2,0.1571,0.1759,0.1384,0.3,0.0,0.01824,0.5596,False,0.3,872,
4,dataset2,ours_gmmq,3,0.1857,0.2079,0.1636,0.3,0.0,0.02054,0.5596,False,0.3,1033,fixed_E
4,in_the_wild,ours_gmmq,0,0.1,0.0331,0.1669,0.3,,,0.1655,False,0.3,2945,
4,in_the_wild,ours_gmmq,1,0.1286,0.0425,0.2146,0.3,0.0,0.11772,0.1655,False,0.3,1572,
4,in_the_wild,ours_gmmq,2,0.1571,0.052,0.2623,0.3,0.0,0.05216,0.1655,False,0.3,1889,
4,in_the_wild,ours_gmmq,3,0.1857,0.0615,0.31,0.3,0.0,0.01888,0.1655,False,0.3,2235,fixed_E
4,asvspoof2019,ours_gmmq,0,0.1,0.0248,0.1752,0.3,,,0.124,False,0.3,3846,
4,asvspoof2019,ours_gmmq,1,0.1286,0.0319,0.2253,0.3,0.0,0.07999,0.124,False,0.3,3327,
4,asvspoof2019,ours_gmmq,2,0.1571,0.039,0.2753,0.3,0.0,0.05263,0.124,False,0.3,1997,
4,asvspoof2019,ours_gmmq,3,0.1857,0.0461,0.3254,0.3,0.0,0.04106,0.124,False,0.3,2233,fixed_E
0,arabic,ours_gmmq,0,0.1,0.0729,0.1271,0.3,,,0.3647,False,0.3,1243,
0,arabic,ours_gmmq,1,0.1286,0.0938,0.1634,0.3,0.0,0.34784,0.3647,False,0.3,1547,
0,arabic,ours_gmmq,2,0.1571,0.1146,0.1997,0.3,0.0,0.02792,0.3647,False,0.3,1891,
0,arabic,ours_gmmq,3,0.1857,0.1354,0.236,0.3,0.0,0.04035,0.3647,False,0.3,2229,fixed_E
0,dataset2,ours_gmmq,0,0.1,0.0982,0.1018,0.3,,,0.4911,False,0.3,986,
0,dataset2,ours_gmmq,1,0.1286,0.1263,0.1309,0.3,0.0,0.43175,0.4911,False,0.3,1022,
0,dataset2,ours_gmmq,2,0.1571,0.1544,0.1599,0.3,0.0,0.04193,0.4911,False,0.3,1252,
0,dataset2,ours_gmmq,3,0.1857,0.1824,0.189,0.3,0.0,0.02919,0.4911,False,0.3,1476,fixed_E
0,in_the_wild,ours_gmmq,0,0.1,0.0752,0.1248,0.3,,,0.3761,False,0.3,2559,
0,in_the_wild,ours_gmmq,1,0.1286,0.0967,0.1604,0.3,0.0,0.05368,0.3761,False,0.3,2131,
0,in_the_wild,ours_gmmq,2,0.1571,0.1182,0.1961,0.3,0.0,0.08987,0.3761,False,0.3,1887,
0,in_the_wild,ours_gmmq,3,0.1857,0.1397,0.2317,0.3,0.0,0.04294,0.3761,False,0.3,2233,fixed_E
0,asvspoof2019,ours_gmmq,0,0.1,0.0712,0.1288,0.3,,,0.3559,False,0.3,2859,
0,asvspoof2019,ours_gmmq,1,0.1286,0.0915,0.1656,0.3,0.0,0.20096,0.3559,False,0.3,2090,
0,asvspoof2019,ours_gmmq,2,0.1571,0.1119,0.2024,0.3,0.0,0.06016,0.3559,False,0.3,1890,
0,asvspoof2019,ours_gmmq,3,0.1857,0.1322,0.2392,0.3,0.0,0.02201,0.3559,False,0.3,2231,fixed_E
1,arabic,ours_gmmq,0,0.1,0.0499,0.1501,0.3,,,0.2494,False,0.3,1910,
1,arabic,ours_gmmq,1,0.1286,0.0641,0.193,0.3,0.0,0.27543,0.2494,False,0.3,1543,
1,arabic,ours_gmmq,2,0.1571,0.0784,0.2359,0.3,0.0,0.0549,0.2494,False,0.3,1889,
1,arabic,ours_gmmq,3,0.1857,0.0926,0.2788,0.3,0.0,0.06514,0.2494,False,0.3,2232,fixed_E
1,dataset2,ours_gmmq,0,0.1,0.0586,0.1414,0.3,,,0.293,False,0.3,795,
1,dataset2,ours_gmmq,1,0.1286,0.0754,0.1818,0.3,0.0,0.24848,0.293,False,0.3,1023,
1,dataset2,ours_gmmq,2,0.1571,0.0921,0.2222,0.3,0.0,0.11509,0.293,False,0.3,1250,
1,dataset2,ours_gmmq,3,0.1857,0.1088,0.2626,0.3,0.0,0.11724,0.293,False,0.3,1476,fixed_E
1,in_the_wild,ours_gmmq,0,0.1,0.042,0.158,0.3,,,0.2098,False,0.3,3200,
1,in_the_wild,ours_gmmq,1,0.1286,0.054,0.2032,0.3,0.0,0.01653,0.2098,False,0.3,3347,
1,in_the_wild,ours_gmmq,2,0.1571,0.0659,0.2483,0.3,0.0,0.01832,0.2098,False,0.3,4001,
1,in_the_wild,ours_gmmq,3,0.1857,0.0779,0.2935,0.3,0.0,0.04177,0.2098,False,0.3,3631,fixed_E
1,asvspoof2019,ours_gmmq,0,0.1,0.0612,0.1388,0.3,,,0.3058,False,0.3,2643,
1,asvspoof2019,ours_gmmq,1,0.1286,0.0786,0.1785,0.3,0.0,0.23596,0.3058,False,0.3,1561,
1,asvspoof2019,ours_gmmq,2,0.1571,0.0961,0.2182,0.3,0.0,0.0474,0.3058,False,0.3,1889,
1,asvspoof2019,ours_gmmq,3,0.1857,0.1136,0.2579,0.3,0.0,0.02207,0.3058,False,0.3,2232,fixed_E
2,arabic,ours_gmmq,0,0.1,0.0677,0.1323,0.3,,,0.3386,False,0.3,1294,
2,arabic,ours_gmmq,1,0.1286,0.0871,0.1701,0.3,0.0,0.32112,0.3386,False,0.3,1547,
2,arabic,ours_gmmq,2,0.1571,0.1064,0.2079,0.3,0.0,0.04,0.3386,False,0.3,1888,
2,arabic,ours_gmmq,3,0.1857,0.1258,0.2457,0.3,0.0,0.02156,0.3386,False,0.3,2232,fixed_E
2,dataset2,ours_gmmq,0,0.1,0.1431,0.0569,0.3,,,0.7156,False,0.3,805,
2,dataset2,ours_gmmq,1,0.1286,0.184,0.0731,0.3,0.0,0.39584,0.7156,False,0.3,1022,
2,dataset2,ours_gmmq,2,0.1571,0.2249,0.0894,0.3,0.0,0.00744,0.7156,False,0.3,1256,
2,dataset2,ours_gmmq,3,0.1857,0.2658,0.1057,0.3,0.0,0.01587,0.7156,False,0.3,1476,fixed_E
2,in_the_wild,ours_gmmq,0,0.1,0.0457,0.1543,0.3,,,0.2283,False,0.3,1289,
2,in_the_wild,ours_gmmq,1,0.1286,0.0587,0.1984,0.3,0.0,0.08371,0.2283,False,0.3,1598,
2,in_the_wild,ours_gmmq,2,0.1571,0.0717,0.2425,0.3,0.0,0.03305,0.2283,False,0.3,1896,
2,in_the_wild,ours_gmmq,3,0.1857,0.0848,0.2866,0.3,0.0,0.01887,0.2283,False,0.3,2232,fixed_E
2,asvspoof2019,ours_gmmq,0,0.1,0.0553,0.1447,0.3,,,0.2763,False,0.3,3718,
2,asvspoof2019,ours_gmmq,1,0.1286,0.0711,0.1861,0.3,0.0,0.16096,0.2763,False,0.3,3708,
2,asvspoof2019,ours_gmmq,2,0.1571,0.0868,0.2274,0.3,0.0,0.02974,0.2763,False,0.3,2978,
2,asvspoof2019,ours_gmmq,3,0.1857,0.1026,0.2688,0.3,0.0,0.03783,0.2763,False,0.3,2234,fixed_E
5,arabic,ours_gmmq,0,0.1,0.0185,0.1815,0.3,,,0.0924,False,0.3,2744,
5,arabic,ours_gmmq,1,0.1286,0.0238,0.2334,0.3,0.0,0.15534,0.0924,False,0.3,1548,
5,arabic,ours_gmmq,2,0.1571,0.029,0.2852,0.3,0.0,0.07906,0.0924,False,0.3,1889,
5,arabic,ours_gmmq,3,0.1857,0.0343,0.3371,0.3,0.0,0.07115,0.0924,False,0.3,2230,fixed_E
5,dataset2,ours_gmmq,0,0.1,0.1046,0.0954,0.3,,,0.5228,False,0.3,708,
5,dataset2,ours_gmmq,1,0.1286,0.1344,0.1227,0.3,0.0,0.41831,0.5228,False,0.3,715,
5,dataset2,ours_gmmq,2,0.1571,0.1643,0.15,0.3,0.0,0.02899,0.5228,False,0.3,872,
5,dataset2,ours_gmmq,3,0.1857,0.1942,0.1772,0.3,0.0,0.01314,0.5228,False,0.3,1033,fixed_E
5,in_the_wild,ours_gmmq,0,0.1,0.038,0.162,0.3,,,0.1901,False,0.3,1413,
5,in_the_wild,ours_gmmq,1,0.1286,0.0489,0.2083,0.3,0.0,0.01513,0.1901,False,0.3,2373,
5,in_the_wild,ours_gmmq,2,0.1571,0.0597,0.2546,0.3,0.0,0.02846,0.1901,False,0.3,1945,
5,in_the_wild,ours_gmmq,3,0.1857,0.0706,0.3008,0.3,0.0,0.02246,0.1901,False,0.3,2447,fixed_E
5,asvspoof2019,ours_gmmq,0,0.1,0.0225,0.1775,0.3,,,0.1127,False,0.3,3716,
5,asvspoof2019,ours_gmmq,1,0.1286,0.029,0.2282,0.3,0.0,0.10764,0.1127,False,0.3,1714,
5,asvspoof2019,ours_gmmq,2,0.1571,0.0354,0.2789,0.3,0.0,0.0385,0.1127,False,0.3,1888,
5,asvspoof2019,ours_gmmq,3,0.1857,0.0419,0.3296,0.3,0.0,0.01952,0.1127,False,0.3,2239,fixed_E
6,arabic,ours_gmmq,0,0.1,0.0841,0.1159,0.3,,,0.4205,False,0.3,1202,
6,arabic,ours_gmmq,1,0.1286,0.1081,0.149,0.3,0.0,0.37787,0.4205,False,0.3,1544,
6,arabic,ours_gmmq,2,0.1571,0.1322,0.1821,0.3,0.0,0.02109,0.4205,False,0.3,1886,
6,arabic,ours_gmmq,3,0.1857,0.1562,0.2152,0.3,0.0,0.05682,0.4205,False,0.3,2230,fixed_E
6,dataset2,ours_gmmq,0,0.1,0.0708,0.1292,0.3,,,0.3541,False,0.3,634,
6,dataset2,ours_gmmq,1,0.1286,0.0911,0.1661,0.3,0.0,0.51214,0.3541,False,0.3,716,
6,dataset2,ours_gmmq,2,0.1571,0.1113,0.203,0.3,0.0,0.01381,0.3541,False,0.3,872,
6,dataset2,ours_gmmq,3,0.1857,0.1315,0.2399,0.3,0.0,0.01625,0.3541,False,0.3,1031,fixed_E
6,in_the_wild,ours_gmmq,0,0.1,0.0219,0.1781,0.3,,,0.1097,False,0.3,3282,
6,in_the_wild,ours_gmmq,1,0.1286,0.0282,0.2289,0.3,0.0,0.01017,0.1097,False,0.3,4698,
6,in_the_wild,ours_gmmq,2,0.1571,0.0345,0.2798,0.3,0.0,0.00733,0.1097,False,0.3,4623,
6,in_the_wild,ours_gmmq,3,0.1857,0.0407,0.3307,0.3,0.0,0.00276,0.1097,False,0.3,4938,fixed_E
6,asvspoof2019,ours_gmmq,0,0.1,0.0214,0.1786,0.3,,,0.1068,False,0.3,2709,
6,asvspoof2019,ours_gmmq,1,0.1286,0.0275,0.2297,0.3,0.0,0.212,0.1068,False,0.3,1577,
6,asvspoof2019,ours_gmmq,2,0.1571,0.0336,0.2807,0.3,0.0,0.0916,0.1068,False,0.3,1887,
6,asvspoof2019,ours_gmmq,3,0.1857,0.0397,0.3318,0.3,0.0,0.10053,0.1068,False,0.3,2229,fixed_E
7,arabic,ours_gmmq,0,0.1,0.04,0.16,0.3,,,0.1998,False,0.3,1303,
7,arabic,ours_gmmq,1,0.1286,0.0514,0.2058,0.3,0.0,0.21111,0.1998,False,0.3,1548,
7,arabic,ours_gmmq,2,0.1571,0.0628,0.2515,0.3,0.0,0.06049,0.1998,False,0.3,1887,
7,arabic,ours_gmmq,3,0.1857,0.0742,0.2972,0.3,0.0,0.05546,0.1998,False,0.3,2231,fixed_E
7,dataset2,ours_gmmq,0,0.1,0.1206,0.0794,0.3,,,0.6031,False,0.3,724,
7,dataset2,ours_gmmq,1,0.1286,0.1551,0.1021,0.3,0.0,0.14871,0.6031,False,0.3,714,
7,dataset2,ours_gmmq,2,0.1571,0.1895,0.1248,0.3,0.0,0.02234,0.6031,False,0.3,872,
7,dataset2,ours_gmmq,3,0.1857,0.224,0.1474,0.3,0.0,0.03483,0.6031,False,0.3,1030,fixed_E
7,in_the_wild,ours_gmmq,0,0.1,0.0225,0.1775,0.3,,,0.1124,False,0.3,3499,
7,in_the_wild,ours_gmmq,1,0.1286,0.0289,0.2282,0.3,0.0,0.00881,0.1124,False,0.3,4399,
7,in_the_wild,ours_gmmq,2,0.1571,0.0353,0.279,0.3,0.0,0.02424,0.1124,False,0.3,3901,
7,in_the_wild,ours_gmmq,3,0.1857,0.0417,0.3297,0.3,0.0,0.03175,0.1124,False,0.3,2580,fixed_E
7,asvspoof2019,ours_gmmq,0,0.1,0.0357,0.1643,0.3,,,0.1784,False,0.3,3389,
7,asvspoof2019,ours_gmmq,1,0.1286,0.0459,0.2113,0.3,0.0,0.13215,0.1784,False,0.3,2761,
7,asvspoof2019,ours_gmmq,2,0.1571,0.0561,0.2582,0.3,0.0,0.02186,0.1784,False,0.3,1949,
7,asvspoof2019,ours_gmmq,3,0.1857,0.0663,0.3052,0.3,0.0,0.13663,0.1784,False,0.3,2232,fixed_E
8,arabic,ours_gmmq,0,0.1,0.0462,0.1538,0.3,,,0.2311,False,0.3,1516,
8,arabic,ours_gmmq,1,0.1286,0.0594,0.1977,0.3,0.0,0.25358,0.2311,False,0.3,1545,
8,arabic,ours_gmmq,2,0.1571,0.0726,0.2417,0.3,0.0,0.02175,0.2311,False,0.3,1886,
8,arabic,ours_gmmq,3,0.1857,0.0858,0.2856,0.3,0.0,0.05059,0.2311,False,0.3,2233,fixed_E
8,dataset2,ours_gmmq,0,0.1,0.0799,0.1201,0.3,,,0.3997,False,0.3,877,
8,dataset2,ours_gmmq,1,0.1286,0.1028,0.1544,0.3,0.0,0.31612,0.3997,False,0.3,744,
8,dataset2,ours_gmmq,2,0.1571,0.1256,0.1887,0.3,0.0,0.17479,0.3997,False,0.3,875,
8,dataset2,ours_gmmq,3,0.1857,0.1485,0.223,0.3,0.0,0.07574,0.3997,False,0.3,1031,fixed_E
8,in_the_wild,ours_gmmq,0,0.1,0.0331,0.1669,0.3,,,0.1655,False,0.3,1997,
8,in_the_wild,ours_gmmq,1,0.1286,0.0426,0.2146,0.3,0.0,0.00598,0.1655,False,0.3,2271,
8,in_the_wild,ours_gmmq,2,0.1571,0.052,0.2623,0.3,0.0,0.01286,0.1655,False,0.3,2351,
8,in_the_wild,ours_gmmq,3,0.1857,0.0615,0.3099,0.3,0.0,0.01055,0.1655,False,0.3,2727,fixed_E
8,asvspoof2019,ours_gmmq,0,0.1,0.0275,0.1725,0.3,,,0.1376,False,0.3,4408,
8,asvspoof2019,ours_gmmq,1,0.1286,0.0354,0.2218,0.3,0.0,0.08143,0.1376,False,0.3,3225,
8,asvspoof2019,ours_gmmq,2,0.1571,0.0432,0.2711,0.3,0.0,0.03981,0.1376,False,0.3,2082,
8,asvspoof2019,ours_gmmq,3,0.1857,0.0511,0.3203,0.3,0.0,0.10364,0.1376,False,0.3,2230,fixed_E
9,arabic,ours_gmmq,0,0.1,0.0371,0.1629,0.3,,,0.1856,False,0.3,1645,
9,arabic,ours_gmmq,1,0.1286,0.0477,0.2094,0.3,0.0,0.19299,0.1856,False,0.3,1548,
9,arabic,ours_gmmq,2,0.1571,0.0583,0.256,0.3,0.0,0.02115,0.1856,False,0.3,1888,
9,arabic,ours_gmmq,3,0.1857,0.0689,0.3025,0.3,0.0,0.02794,0.1856,False,0.3,2234,fixed_E
9,dataset2,ours_gmmq,0,0.1,0.0982,0.1018,0.3,,,0.4912,False,0.3,603,
9,dataset2,ours_gmmq,1,0.1286,0.1263,0.1308,0.3,0.0,0.269,0.4912,False,0.3,718,
9,dataset2,ours_gmmq,2,0.1571,0.1544,0.1599,0.3,0.0,0.01792,0.4912,False,0.3,877,
9,dataset2,ours_gmmq,3,0.1857,0.1824,0.189,0.3,0.0,0.01266,0.4912,False,0.3,1031,fixed_E
9,in_the_wild,ours_gmmq,0,0.1,0.025,0.175,0.3,,,0.1248,False,0.3,3648,
9,in_the_wild,ours_gmmq,1,0.1286,0.0321,0.2251,0.3,0.0,0.04817,0.1248,False,0.3,2828,
9,in_the_wild,ours_gmmq,2,0.1571,0.0392,0.2751,0.3,0.0,0.04401,0.1248,False,0.3,1907,
9,in_the_wild,ours_gmmq,3,0.1857,0.0463,0.3251,0.3,0.0,0.01454,0.1248,False,0.3,2235,fixed_E
9,asvspoof2019,ours_gmmq,0,0.1,0.0209,0.1791,0.3,,,0.1047,False,0.3,1233,
9,asvspoof2019,ours_gmmq,1,0.1286,0.0269,0.2302,0.3,0.0,0.18077,0.1047,False,0.3,1553,
9,asvspoof2019,ours_gmmq,2,0.1571,0.0329,0.2814,0.3,0.0,0.18041,0.1047,False,0.3,1887,
9,asvspoof2019,ours_gmmq,3,0.1857,0.0389,0.3325,0.3,0.0,0.09601,0.1047,False,0.3,2230,fixed_E
3,arabic,ours_gmmq,0,0.1,0.085,0.115,0.3,,,0.4251,False,0.3,1203,
3,arabic,ours_gmmq,1,0.1286,0.1093,0.1478,0.3,0.0,0.31913,0.4251,False,0.3,1546,
3,arabic,ours_gmmq,2,0.1571,0.1336,0.1807,0.3,0.0,0.04523,0.4251,False,0.3,1886,
3,arabic,ours_gmmq,3,0.1857,0.1579,0.2135,0.3,0.0,0.01515,0.4251,False,0.3,2233,fixed_E
3,dataset2,ours_gmmq,0,0.1,0.1031,0.0969,0.3,,,0.5157,False,0.3,831,
3,dataset2,ours_gmmq,1,0.1286,0.1326,0.1245,0.3,0.0,0.4479,0.5157,False,0.3,1025,
3,dataset2,ours_gmmq,2,0.1571,0.1621,0.1522,0.3,0.0,0.09672,0.5157,False,0.3,1251,
3,dataset2,ours_gmmq,3,0.1857,0.1915,0.1799,0.3,0.0,0.02777,0.5157,False,0.3,1478,fixed_E
3,in_the_wild,ours_gmmq,0,0.1,0.0459,0.1541,0.3,,,0.2294,False,0.3,2935,
3,in_the_wild,ours_gmmq,1,0.1286,0.059,0.1982,0.3,0.0,0.14705,0.2294,False,0.3,1611,
3,in_the_wild,ours_gmmq,2,0.1571,0.0721,0.2422,0.3,0.0,0.03469,0.2294,False,0.3,1889,
3,in_the_wild,ours_gmmq,3,0.1857,0.0852,0.2862,0.3,0.0,0.03127,0.2294,False,0.3,2235,fixed_E
3,asvspoof2019,ours_gmmq,0,0.1,0.0642,0.1358,0.3,,,0.3208,False,0.3,2444,
3,asvspoof2019,ours_gmmq,1,0.1286,0.0825,0.1746,0.3,0.0,0.21149,0.3208,False,0.3,1559,
3,asvspoof2019,ours_gmmq,2,0.1571,0.1008,0.2134,0.3,0.0,0.08341,0.3208,False,0.3,1894,
3,asvspoof2019,ours_gmmq,3,0.1857,0.1192,0.2523,0.3,0.0,0.02743,0.3208,False,0.3,2234,fixed_E
4,arabic,ours_gmmq,0,0.1,0.069,0.131,0.3,,,0.3448,False,0.3,1244,
4,arabic,ours_gmmq,1,0.1286,0.0887,0.1685,0.3,0.0,0.42408,0.3448,False,0.3,1549,
4,arabic,ours_gmmq,2,0.1571,0.1084,0.2059,0.3,0.0,0.05397,0.3448,False,0.3,1893,
4,arabic,ours_gmmq,3,0.1857,0.1281,0.2433,0.3,0.0,0.03159,0.3448,False,0.3,2236,fixed_E
4,dataset2,ours_gmmq,0,0.1,0.1249,0.0751,0.3,,,0.6246,False,0.3,851,
4,dataset2,ours_gmmq,1,0.1286,0.1606,0.0965,0.3,0.0,0.57395,0.6246,False,0.3,1025,
4,dataset2,ours_gmmq,2,0.1571,0.1963,0.118,0.3,0.0,0.03515,0.6246,False,0.3,1251,
4,dataset2,ours_gmmq,3,0.1857,0.232,0.1394,0.3,0.0,0.02444,0.6246,False,0.3,1480,fixed_E
4,in_the_wild,ours_gmmq,0,0.1,0.066,0.134,0.3,,,0.3299,False,0.3,2439,
4,in_the_wild,ours_gmmq,1,0.1286,0.0848,0.1723,0.3,0.0,0.14309,0.3299,False,0.3,1686,
4,in_the_wild,ours_gmmq,2,0.1571,0.1037,0.2106,0.3,0.0,0.09532,0.3299,False,0.3,1888,
4,in_the_wild,ours_gmmq,3,0.1857,0.1225,0.2489,0.3,0.0,0.02626,0.3299,False,0.3,2230,fixed_E
4,asvspoof2019,ours_gmmq,0,0.1,0.0605,0.1395,0.3,,,0.3024,False,0.3,3221,
4,asvspoof2019,ours_gmmq,1,0.1286,0.0778,0.1794,0.3,0.0,0.15039,0.3024,False,0.3,2544,
4,asvspoof2019,ours_gmmq,2,0.1571,0.095,0.2192,0.3,0.0,0.05012,0.3024,False,0.3,1896,
4,asvspoof2019,ours_gmmq,3,0.1857,0.1123,0.2591,0.3,0.0,0.04301,0.3024,False,0.3,2236,fixed_E
5,arabic,ours_gmmq,0,0.1,0.0334,0.1666,0.3,,,0.1669,False,0.3,2294,
5,arabic,ours_gmmq,1,0.1286,0.0429,0.2142,0.3,0.0,0.25463,0.1669,False,0.3,1551,
5,arabic,ours_gmmq,2,0.1571,0.0524,0.2618,0.3,0.0,0.0924,0.1669,False,0.3,1886,
5,arabic,ours_gmmq,3,0.1857,0.062,0.3094,0.3,0.0,0.05017,0.1669,False,0.3,2233,fixed_E
5,dataset2,ours_gmmq,0,0.1,0.1135,0.0865,0.3,,,0.5677,False,0.3,913,
5,dataset2,ours_gmmq,1,0.1286,0.146,0.1112,0.3,0.0,0.33787,0.5677,False,0.3,1022,
5,dataset2,ours_gmmq,2,0.1571,0.1784,0.1359,0.3,0.0,0.01243,0.5677,False,0.3,1251,
5,dataset2,ours_gmmq,3,0.1857,0.2109,0.1606,0.3,0.0,0.02823,0.5677,False,0.3,1478,fixed_E
5,in_the_wild,ours_gmmq,0,0.1,0.0704,0.1296,0.3,,,0.3518,False,0.3,1309,
5,in_the_wild,ours_gmmq,1,0.1286,0.0905,0.1667,0.3,0.0,0.02777,0.3518,False,0.3,1564,
5,in_the_wild,ours_gmmq,2,0.1571,0.1106,0.2037,0.3,0.0,0.03009,0.3518,False,0.3,1894,
5,in_the_wild,ours_gmmq,3,0.1857,0.1307,0.2408,0.3,0.0,0.05338,0.3518,False,0.3,2229,fixed_E
5,asvspoof2019,ours_gmmq,0,0.1,0.0563,0.1437,0.3,,,0.2813,False,0.3,3139,
5,asvspoof2019,ours_gmmq,1,0.1286,0.0723,0.1848,0.3,0.0,0.18577,0.2813,False,0.3,1949,
5,asvspoof2019,ours_gmmq,2,0.1571,0.0884,0.2259,0.3,0.0,0.02365,0.2813,False,0.3,1917,
5,asvspoof2019,ours_gmmq,3,0.1857,0.1045,0.2669,0.3,0.0,0.0081,0.2813,False,0.3,2237,fixed_E
6,arabic,ours_gmmq,0,0.1,0.1061,0.0939,0.3,,,0.5306,False,0.3,1203,
6,arabic,ours_gmmq,1,0.1286,0.1364,0.1207,0.3,0.0,0.39172,0.5306,False,0.3,1544,
6,arabic,ours_gmmq,2,0.1571,0.1668,0.1475,0.3,0.0,0.07893,0.5306,False,0.3,1887,
6,arabic,ours_gmmq,3,0.1857,0.1971,0.1743,0.3,0.0,0.01514,0.5306,False,0.3,2230,fixed_E
6,dataset2,ours_gmmq,0,0.1,0.0812,0.1188,0.3,,,0.4061,False,0.3,827,
6,dataset2,ours_gmmq,1,0.1286,0.1044,0.1527,0.3,0.0,0.46093,0.4061,False,0.3,1023,
6,dataset2,ours_gmmq,2,0.1571,0.1276,0.1866,0.3,0.0,0.03787,0.4061,False,0.3,1253,
6,dataset2,ours_gmmq,3,0.1857,0.1509,0.2206,0.3,0.0,0.06921,0.4061,False,0.3,1479,fixed_E
6,in_the_wild,ours_gmmq,0,0.1,0.0542,0.1458,0.3,,,0.2712,False,0.3,2772,
6,in_the_wild,ours_gmmq,1,0.1286,0.0697,0.1874,0.3,0.0,0.02744,0.2712,False,0.3,3434,
6,in_the_wild,ours_gmmq,2,0.1571,0.0852,0.229,0.3,0.0,0.03523,0.2712,False,0.3,2905,
6,in_the_wild,ours_gmmq,3,0.1857,0.1007,0.2707,0.3,0.0,0.05856,0.2712,False,0.3,2258,fixed_E
6,asvspoof2019,ours_gmmq,0,0.1,0.0544,0.1456,0.3,,,0.272,False,0.3,2320,
6,asvspoof2019,ours_gmmq,1,0.1286,0.07,0.1872,0.3,0.0,0.37273,0.272,False,0.3,1548,
6,asvspoof2019,ours_gmmq,2,0.1571,0.0855,0.2288,0.3,0.0,0.09765,0.272,False,0.3,1886,
6,asvspoof2019,ours_gmmq,3,0.1857,0.101,0.2704,0.3,0.0,0.03543,0.272,False,0.3,2234,fixed_E
0,arabic,ours_gmmq,0,0.1,0.0458,0.1542,0.3,,,0.2291,False,0.3,1346,
0,arabic,ours_gmmq,1,0.1286,0.0589,0.1982,0.3,0.0,0.30318,0.2291,False,0.3,1546,
0,arabic,ours_gmmq,2,0.1571,0.072,0.2423,0.3,0.0,0.02265,0.2291,False,0.3,1889,
0,arabic,ours_gmmq,3,0.1857,0.0851,0.2863,0.3,0.0,0.05141,0.2291,False,0.3,2232,fixed_E
0,dataset2,ours_gmmq,0,0.1,0.0813,0.1187,0.3,,,0.4064,False,0.3,756,
0,dataset2,ours_gmmq,1,0.1286,0.1045,0.1526,0.3,0.0,0.3519,0.4064,False,0.3,639,
0,dataset2,ours_gmmq,2,0.1571,0.1277,0.1866,0.3,0.0,0.03805,0.4064,False,0.3,778,
0,dataset2,ours_gmmq,3,0.1857,0.1509,0.2205,0.3,0.0,0.01465,0.4064,False,0.3,920,fixed_E
0,in_the_wild,ours_gmmq,0,0.1,0.0362,0.1638,0.3,,,0.1812,False,0.3,3199,
0,in_the_wild,ours_gmmq,1,0.1286,0.0466,0.2105,0.3,0.0,0.02384,0.1812,False,0.3,3668,
0,in_the_wild,ours_gmmq,2,0.1571,0.057,0.2573,0.3,0.0,0.07013,0.1812,False,0.3,2477,
0,in_the_wild,ours_gmmq,3,0.1857,0.0673,0.3041,0.3,0.0,0.08072,0.1812,False,0.3,2235,fixed_E
0,asvspoof2019,ours_gmmq,0,0.1,0.0257,0.1743,0.3,,,0.1283,False,0.3,3495,
0,asvspoof2019,ours_gmmq,1,0.1286,0.033,0.2242,0.3,0.0,0.22145,0.1283,False,0.3,1731,
0,asvspoof2019,ours_gmmq,2,0.1571,0.0403,0.274,0.3,0.0,0.06587,0.1283,False,0.3,1888,
0,asvspoof2019,ours_gmmq,3,0.1857,0.0477,0.3238,0.3,0.0,0.02558,0.1283,False,0.3,2229,fixed_E
1,arabic,ours_gmmq,0,0.1,0.0276,0.1724,0.3,,,0.1379,False,0.3,2241,
1,arabic,ours_gmmq,1,0.1286,0.0355,0.2217,0.3,0.0,0.16812,0.1379,False,0.3,1546,
1,arabic,ours_gmmq,2,0.1571,0.0433,0.2709,0.3,0.0,0.10207,0.1379,False,0.3,1890,
1,arabic,ours_gmmq,3,0.1857,0.0512,0.3202,0.3,0.0,0.04486,0.1379,False,0.3,2233,fixed_E
1,dataset2,ours_gmmq,0,0.1,0.1336,0.0664,0.3,,,0.6681,False,0.3,562,
1,dataset2,ours_gmmq,1,0.1286,0.1718,0.0853,0.3,0.0,0.36289,0.6681,False,0.3,637,
1,dataset2,ours_gmmq,2,0.1571,0.21,0.1043,0.3,0.0,0.03295,0.6681,False,0.3,779,
1,dataset2,ours_gmmq,3,0.1857,0.2482,0.1233,0.3,0.0,0.04977,0.6681,False,0.3,922,fixed_E
1,in_the_wild,ours_gmmq,0,,,,0.3,,,0.0478947554323838,False,0.3,0,tails_merged
1,asvspoof2019,ours_gmmq,0,0.1,0.0178,0.1822,0.3,,,0.0891,False,0.3,3215,
1,asvspoof2019,ours_gmmq,1,0.1286,0.0229,0.2342,0.3,0.0,0.10889,0.0891,False,0.3,1603,
1,asvspoof2019,ours_gmmq,2,0.1571,0.028,0.2863,0.3,0.0,0.07334,0.0891,False,0.3,1886,
1,asvspoof2019,ours_gmmq,3,0.1857,0.0331,0.3383,0.3,0.0,0.08976,0.0891,False,0.3,2230,fixed_E
2,arabic,ours_gmmq,0,0.1,0.0399,0.1601,0.3,,,0.1997,False,0.3,1424,
2,arabic,ours_gmmq,1,0.1286,0.0514,0.2058,0.3,0.0,0.20447,0.1997,False,0.3,1545,
2,arabic,ours_gmmq,2,0.1571,0.0628,0.2515,0.3,0.0,0.01258,0.1997,False,0.3,1889,
2,arabic,ours_gmmq,3,0.1857,0.0742,0.2972,0.3,0.0,0.03866,0.1997,False,0.3,2231,fixed_E
2,dataset2,ours_gmmq,0,0.1,0.1221,0.0779,0.3,,,0.6106,False,0.3,545,
2,dataset2,ours_gmmq,1,0.1286,0.157,0.1001,0.3,0.0,0.41087,0.6106,False,0.3,638,
2,dataset2,ours_gmmq,2,0.1571,0.1919,0.1224,0.3,0.0,0.0122,0.6106,False,0.3,781,
2,dataset2,ours_gmmq,3,0.1857,0.2268,0.1446,0.3,0.0,0.0509,0.6106,False,0.3,920,fixed_E
2,in_the_wild,ours_gmmq,0,,,,0.3,,,0.05691744534662673,False,0.3,0,tails_merged
2,asvspoof2019,ours_gmmq,0,,,,0.3,,,0.059316814085691706,False,0.3,0,tails_merged
