protocol,mechanisms,seed,features,model,accuracy,bal_acc,eer,auc,fold
P0_speaker_disjoint,none,0,MFCC,GNB,58.82970348989767,58.93057141708109,41.170409803056316,0.6224394539631961,
P0_speaker_disjoint,none,0,MFCC,LR,81.42219889792706,81.47180541530386,18.525550231959315,0.892665997865787,
P0_speaker_disjoint,none,0,MFCC,RF,79.42797166098137,79.5678989901327,17.738235522581945,0.910385364829778,
P0_speaker_disjoint,none,0,MFCC,KNC,80.53004460771452,80.67531810737063,15.979575680548965,0.8767296408252805,
P0_speaker_disjoint,none,0,Transfer(GNB+NMF),GNB,61.53240619260036,61.65472300680535,37.33816423523941,0.715651510669137,
P0_speaker_disjoint,none,0,Transfer(GNB+NMF),LR,76.8039884544739,76.87036997249321,23.14381587812619,0.8709239093009047,
P0_speaker_disjoint,none,0,Transfer(GNB+NMF),RF,78.11598005772763,78.26671217157002,19.732118804157583,0.8974610908285583,
P0_speaker_disjoint,none,0,Transfer(GNB+NMF),KNC,80.05772763054317,80.17315276811395,18.076519855508156,0.8762281778922194,
P1_random_holdout,M2,0,MFCC,GNB,66.24253440664762,66.24170948470014,33.23812221008483,0.7355345174036763,
P1_random_holdout,M2,0,MFCC,LR,80.73227733056349,80.73226254534667,19.397540154549496,0.8877916683524161,
P1_random_holdout,M2,0,MFCC,RF,90.93741885224617,90.93702040431013,9.114509581799304,0.9674769052339145,
P1_random_holdout,M2,0,MFCC,KNC,94.88444559854582,94.88319779908565,3.557956062628959,0.986111178541085,
P1_random_holdout,M2,0,Transfer(GNB+NMF),GNB,68.89119709166451,68.89083087213929,30.849132176234985,0.7847613653221129,
P1_random_holdout,M2,0,Transfer(GNB+NMF),LR,78.13554920799793,78.13577699559008,21.864452266321425,0.8614001159795552,
P1_random_holdout,M2,0,Transfer(GNB+NMF),RF,87.76941054271617,87.76967269490635,11.893015603295975,0.9525020566142062,
P1_random_holdout,M2,0,Transfer(GNB+NMF),KNC,92.26175019475461,92.26032015751642,6.7516823778506,0.9727853973648367,
P2_random_kfold,M2,0,MFCC,GNB,65.835605765485,65.83514148795894,33.644980052406694,0.7279462578449855,0.0
P2_random_kfold,M2,0,MFCC,LR,80.0025970653162,80.00266080323209,20.10128251390261,0.8832682352703126,0.0
P2_random_kfold,M2,0,MFCC,RF,90.27399039085833,90.27376259160211,9.764969125914337,0.9638956317637181,0.0
P2_random_kfold,M2,0,MFCC,KNC,94.32541228411895,94.32475963402996,3.999696486323334,0.9849871343924836,0.0
P2_random_kfold,M2,0,Transfer(GNB+NMF),GNB,67.77041942604856,67.77013560316598,32.04778991457776,0.7703918361565727,0.0
P2_random_kfold,M2,0,Transfer(GNB+NMF),LR,77.96390079210492,77.96406060830886,22.243863122076572,0.8588606771052889,0.0
P2_random_kfold,M2,0,Transfer(GNB+NMF),RF,86.75496688741721,86.75510155904858,13.206072296957782,0.9466847201098044,0.0
P2_random_kfold,M2,0,Transfer(GNB+NMF),KNC,91.57252304895468,91.57170847848593,7.362759546348227,0.9712573222674494,0.0
P2_random_kfold,M2,0,MFCC,GNB,65.61485521360862,65.61546166116408,34.04752686939132,0.7284125560235661,1.0
P2_random_kfold,M2,0,MFCC,LR,80.48305414881185,80.48293410043605,19.413065252068108,0.8851013904298766,1.0
P2_random_kfold,M2,0,MFCC,RF,90.97519802623036,90.97543562643537,9.492272204554727,0.9678920975155719,1.0
P2_random_kfold,M2,0,MFCC,KNC,94.9487079600052,94.9492660027586,3.8694756295379538,0.9874696402013983,1.0
P2_random_kfold,M2,0,Transfer(GNB+NMF),GNB,67.93922867160109,67.9397053219437,31.58031477740645,0.7731707399326199,1.0
P2_random_kfold,M2,0,Transfer(GNB+NMF),LR,77.48344370860927,77.48337925382849,22.37371301770159,0.8588564616375574,1.0
P2_random_kfold,M2,0,Transfer(GNB+NMF),RF,86.22256849759772,86.22243505650414,13.595635473329581,0.9442120279097689,1.0
P2_random_kfold,M2,0,Transfer(GNB+NMF),KNC,91.50759641604986,91.50837866366301,7.687246018069183,0.9709876335038631,1.0
P2_random_kfold,M2,0,MFCC,GNB,65.07792207792208,65.07792207792208,34.77922077922078,0.7195745656940462,2.0
P2_random_kfold,M2,0,MFCC,LR,80.9090909090909,80.9090909090909,19.090909090909093,0.8864833192781244,2.0
P2_random_kfold,M2,0,MFCC,RF,89.96103896103897,89.96103896103897,10.18181818181818,0.9618018552875696,2.0
P2_random_kfold,M2,0,MFCC,KNC,94.1948051948052,94.1948051948052,4.493506493506493,0.9850421993590824,2.0
P2_random_kfold,M2,0,Transfer(GNB+NMF),GNB,67.79220779220779,67.79220779220779,31.649350649350648,0.7779997638724911,2.0
P2_random_kfold,M2,0,Transfer(GNB+NMF),LR,78.12987012987013,78.12987012987014,21.92207792207792,0.8610683757800641,2.0
P2_random_kfold,M2,0,Transfer(GNB+NMF),RF,86.83116883116882,86.83116883116884,13.168831168831172,0.9437751391465677,2.0
P2_random_kfold,M2,0,Transfer(GNB+NMF),KNC,91.0909090909091,91.0909090909091,7.571428571428572,0.9669591162084668,2.0
P2_random_kfold,M2,0,MFCC,GNB,66.67532467532467,66.67532467532467,32.597402597402606,0.7375724068139653,3.0
P2_random_kfold,M2,0,MFCC,LR,80.74025974025975,80.74025974025973,19.11688311688312,0.8873794906392309,3.0
P2_random_kfold,M2,0,MFCC,RF,90.70129870129871,90.70129870129871,9.610389610389612,0.9669168493843817,3.0
P2_random_kfold,M2,0,MFCC,KNC,94.83116883116884,94.83116883116884,3.8441558441558414,0.9872901332433801,3.0
P2_random_kfold,M2,0,Transfer(GNB+NMF),GNB,68.5974025974026,68.59740259740259,30.48051948051948,0.7776589981447124,3.0
P2_random_kfold,M2,0,Transfer(GNB+NMF),LR,78.37662337662337,78.37662337662337,21.649350649350644,0.8650710743801653,3.0
P2_random_kfold,M2,0,Transfer(GNB+NMF),RF,87.0,87.00000000000001,12.75324675324675,0.9514066453027492,3.0
P2_random_kfold,M2,0,Transfer(GNB+NMF),KNC,91.6103896103896,91.6103896103896,7.727272727272726,0.9690764041153652,3.0
P2_random_kfold,M2,0,MFCC,GNB,67.0909090909091,67.0909090909091,32.67532467532468,0.7366643953449149,4.0
P2_random_kfold,M2,0,MFCC,LR,81.61038961038962,81.61038961038962,18.38961038961039,0.8941771630966436,4.0
P2_random_kfold,M2,0,MFCC,RF,90.92207792207793,90.92207792207792,9.467532467532468,0.966622297183336,4.0
P2_random_kfold,M2,0,MFCC,KNC,94.8051948051948,94.8051948051948,3.857142857142855,0.9877843818519144,4.0
P2_random_kfold,M2,0,Transfer(GNB+NMF),GNB,69.68831168831169,69.68831168831169,29.714285714285715,0.7961088885140835,4.0
P2_random_kfold,M2,0,Transfer(GNB+NMF),LR,79.0909090909091,79.0909090909091,20.90909090909091,0.8718420644290774,4.0
P2_random_kfold,M2,0,Transfer(GNB+NMF),RF,87.23376623376623,87.23376623376625,12.376623376623378,0.949661123292292,4.0
P2_random_kfold,M2,0,Transfer(GNB+NMF),KNC,91.64935064935065,91.64935064935065,7.311688311688312,0.9718229718333613,4.0
P3_presplit_smote_kfold,M1+M2,0,MFCC,GNB,66.58875470718088,66.58942018770635,32.56719961420039,0.7427363106900889,0.0
P3_presplit_smote_kfold,M1+M2,0,MFCC,LR,81.44396831580313,81.44389886924294,18.504089003699498,0.8960487240622271,0.0
P3_presplit_smote_kfold,M1+M2,0,MFCC,RF,93.948837813271,93.94919181052653,6.090119955349767,0.982284850957923,0.0
P3_presplit_smote_kfold,M1+M2,0,MFCC,KNC,93.75405791455655,93.75484188623633,2.6229618213518506,0.982917542078799,0.0
P3_presplit_smote_kfold,M1+M2,0,Transfer(GNB+NMF),GNB,70.23763147643163,70.2377726142982,29.69744070523089,0.8038615033369643,0.0
P3_presplit_smote_kfold,M1+M2,0,Transfer(GNB+NMF),LR,78.50928450850539,78.50920826771255,21.64654146165442,0.8708349661245013,0.0
P3_presplit_smote_kfold,M1+M2,0,Transfer(GNB+NMF),RF,91.10505129204,91.10512027572531,8.765093903759183,0.9694525624985246,0.0
P3_presplit_smote_kfold,M1+M2,0,Transfer(GNB+NMF),KNC,93.03986495260355,93.04063710893107,5.609920850377875,0.9768011344666759,0.0
P3_presplit_smote_kfold,M1+M2,0,MFCC,GNB,67.614595507077,67.61382943205847,31.749125711992498,0.7530854525894775,1.0
P3_presplit_smote_kfold,M1+M2,0,MFCC,LR,81.41799766264121,81.41798217363005,18.530059657299336,0.8944162251666796,1.0
P3_presplit_smote_kfold,M1+M2,0,MFCC,RF,93.83196987404233,93.83162410168381,6.232956863961799,0.9819401943162005,1.0
P3_presplit_smote_kfold,M1+M2,0,MFCC,KNC,93.7021166082327,93.70132905266637,2.5191668886813026,0.9855158889409734,1.0
P3_presplit_smote_kfold,M1+M2,0,Transfer(GNB+NMF),GNB,69.91299831190754,69.9125678268758,29.02220371163503,0.7950557622071515,1.0
P3_presplit_smote_kfold,M1+M2,0,Transfer(GNB+NMF),LR,78.57421114141022,78.57418380113785,21.334890246082143,0.8727493280544436,1.0
P3_presplit_smote_kfold,M1+M2,0,Transfer(GNB+NMF),RF,91.28684586417349,91.28692159567258,8.726142981920704,0.9691427087583928,1.0
P3_presplit_smote_kfold,M1+M2,0,Transfer(GNB+NMF),KNC,92.4555252564602,92.45469046663541,5.674312963069132,0.9764137498440276,1.0
P3_presplit_smote_kfold,M1+M2,0,MFCC,GNB,66.5974025974026,66.5974025974026,32.96103896103896,0.7382964074886154,2.0
P3_presplit_smote_kfold,M1+M2,0,MFCC,LR,81.46753246753246,81.46753246753246,18.545454545454543,0.8915881936245573,2.0
P3_presplit_smote_kfold,M1+M2,0,MFCC,RF,93.28571428571428,93.28571428571428,6.701298701298701,0.9805975375274076,2.0
P3_presplit_smote_kfold,M1+M2,0,MFCC,KNC,93.03896103896105,93.03896103896103,2.6493506493506485,0.9823723393489627,2.0
P3_presplit_smote_kfold,M1+M2,0,Transfer(GNB+NMF),GNB,68.85714285714286,68.85714285714286,30.35064935064935,0.7874635182998818,2.0
P3_presplit_smote_kfold,M1+M2,0,Transfer(GNB+NMF),LR,79.36363636363636,79.36363636363637,20.597402597402596,0.8764138977905213,2.0
P3_presplit_smote_kfold,M1+M2,0,Transfer(GNB+NMF),RF,89.64935064935065,89.64935064935065,10.402597402597404,0.9636831843481195,2.0
P3_presplit_smote_kfold,M1+M2,0,Transfer(GNB+NMF),KNC,92.33766233766234,92.33766233766234,5.324675324675322,0.9768158542755946,2.0
P3_presplit_smote_kfold,M1+M2,0,MFCC,GNB,67.1038961038961,67.1038961038961,32.37662337662338,0.748108213864058,3.0
P3_presplit_smote_kfold,M1+M2,0,MFCC,LR,80.8051948051948,80.80519480519482,19.11688311688312,0.8903358407825941,3.0
P3_presplit_smote_kfold,M1+M2,0,MFCC,RF,93.42857142857143,93.42857142857143,6.740259740259738,0.979849013324338,3.0
P3_presplit_smote_kfold,M1+M2,0,MFCC,KNC,93.35064935064935,93.35064935064935,2.6233766233766236,0.9826076572777872,3.0
P3_presplit_smote_kfold,M1+M2,0,Transfer(GNB+NMF),GNB,69.28571428571428,69.28571428571428,29.688311688311693,0.7962784955304436,3.0
P3_presplit_smote_kfold,M1+M2,0,Transfer(GNB+NMF),LR,78.37662337662337,78.37662337662337,21.545454545454547,0.8632385899814472,3.0
P3_presplit_smote_kfold,M1+M2,0,Transfer(GNB+NMF),RF,89.50649350649351,89.50649350649351,10.376623376623378,0.9602601450497553,3.0
P3_presplit_smote_kfold,M1+M2,0,Transfer(GNB+NMF),KNC,92.28571428571428,92.28571428571428,5.38961038961039,0.9760009445100354,3.0
P3_presplit_smote_kfold,M1+M2,0,MFCC,GNB,66.71428571428571,66.71428571428571,32.81818181818182,0.7396162253331084,4.0
P3_presplit_smote_kfold,M1+M2,0,MFCC,LR,81.0,81.0,18.96103896103896,0.8932385899814471,4.0
P3_presplit_smote_kfold,M1+M2,0,MFCC,RF,93.42857142857143,93.42857142857144,6.636363636363635,0.9795658627087198,4.0
P3_presplit_smote_kfold,M1+M2,0,MFCC,KNC,93.32467532467533,93.32467532467533,2.649350649350651,0.9827307471749029,4.0
P3_presplit_smote_kfold,M1+M2,0,Transfer(GNB+NMF),GNB,69.77922077922078,69.77922077922078,30.25974025974026,0.789258559622196,4.0
P3_presplit_smote_kfold,M1+M2,0,Transfer(GNB+NMF),LR,78.62337662337663,78.62337662337661,21.363636363636367,0.870378343734188,4.0
P3_presplit_smote_kfold,M1+M2,0,Transfer(GNB+NMF),RF,89.97402597402598,89.97402597402598,10.0,0.9633268342047564,4.0
P3_presplit_smote_kfold,M1+M2,0,Transfer(GNB+NMF),KNC,92.93506493506494,92.93506493506494,5.064935064935063,0.9795573958509025,4.0
P0_speaker_disjoint,none,1,MFCC,GNB,65.60860440713536,65.6242782125135,34.05061287414229,0.7241740135857784,
P0_speaker_disjoint,none,1,MFCC,LR,80.84994753410282,80.89930419342184,18.80906269141563,0.8817108170049345,
P0_speaker_disjoint,none,1,MFCC,RF,83.60440713536201,83.67888285535345,14.4020124020124,0.9364774705951175,
P0_speaker_disjoint,none,1,MFCC,KNC,84.2339979013641,84.30644395350278,14.427807486631018,0.9097856144914968,
P0_speaker_disjoint,none,1,Transfer(GNB+NMF),GNB,67.75970619097586,67.80540815834934,32.502453561277086,0.771306203070909,
P0_speaker_disjoint,none,1,Transfer(GNB+NMF),LR,78.54144805876182,78.58639082168494,21.53703741939036,0.8673915168032814,
P0_speaker_disjoint,none,1,Transfer(GNB+NMF),RF,80.35152151101784,80.45025774437539,16.23745517863165,0.9222590657884777,
P0_speaker_disjoint,none,1,Transfer(GNB+NMF),KNC,81.66316894018888,81.7348364407188,16.625496390202272,0.8943705049587403,
P1_random_holdout,M2,1,MFCC,GNB,66.65801090625811,66.65663308653963,33.47182101387709,0.7363559493466035,
P1_random_holdout,M2,1,MFCC,LR,81.14775383017398,81.14795484888943,18.904182006985746,0.887432401451093,
P1_random_holdout,M2,1,MFCC,RF,91.04128797714878,91.04068724629472,8.880810778007039,0.9687820798101172,
P1_random_holdout,M2,1,MFCC,KNC,94.70267462996624,94.70152796321021,3.7916009224420426,0.9871135925341532,
P1_random_holdout,M2,1,Transfer(GNB+NMF),GNB,70.89067774603998,70.8903318903319,28.979487801917703,0.8012002535367021,
P1_random_holdout,M2,1,Transfer(GNB+NMF),LR,78.21345105167488,78.21338889563188,21.734609108440885,0.8654874512818439,
P1_random_holdout,M2,1,Transfer(GNB+NMF),RF,87.04232666839782,87.0424134536284,12.698008118568868,0.9490639371013203,
P1_random_holdout,M2,1,Transfer(GNB+NMF),KNC,92.65125941313944,92.64990357513723,6.69966689592858,0.9761370716510904,
P2_random_kfold,M2,1,MFCC,GNB,66.09531229710427,66.09476034222853,33.82677462760558,0.7288493796517687,0.0
P2_random_kfold,M2,1,MFCC,LR,80.91156992598364,80.91164042397489,19.10141740887002,0.885326799920412,0.0
P2_random_kfold,M2,1,MFCC,RF,91.07908063887807,91.07878540571348,9.349435295942698,0.9661999075969473,0.0
P2_random_kfold,M2,1,MFCC,KNC,94.88378132710038,94.88322142671663,3.7918435757957982,0.9867313600447852,0.0
P2_random_kfold,M2,1,Transfer(GNB+NMF),GNB,67.3289183222958,67.32857378923336,31.89196262060453,0.7693897351674552,0.0
P2_random_kfold,M2,1,Transfer(GNB+NMF),LR,78.26256330346708,78.26264387391369,21.867290331065973,0.8627367828224748,0.0
P2_random_kfold,M2,1,Transfer(GNB+NMF),RF,86.88482015322685,86.88495819942197,13.011294081146069,0.9467433994206262,0.0
P2_random_kfold,M2,1,Transfer(GNB+NMF),KNC,92.13089209193612,92.13014329217913,6.8692530528417315,0.974182013779521,0.0
P2_random_kfold,M2,1,MFCC,GNB,66.44591611479028,66.44660014096524,32.58018325481322,0.7379482812694964,1.0
P2_random_kfold,M2,1,MFCC,LR,81.05440851837423,81.05434243761951,19.088430395883005,0.8935362378468066,1.0
P2_random_kfold,M2,1,MFCC,RF,91.09206596545903,91.0922479234606,9.011813426770582,0.9699707615158148,1.0
P2_random_kfold,M2,1,MFCC,KNC,94.89676665368134,94.89733481268148,3.7396257339129324,0.9873969655377081,1.0
P2_random_kfold,M2,1,Transfer(GNB+NMF),GNB,69.23776132969745,69.23815369258111,29.94416360061647,0.7939970727792073,1.0
P2_random_kfold,M2,1,Transfer(GNB+NMF),LR,78.69107908063889,78.69100284291144,21.412802206881665,0.8685428645620804,1.0
P2_random_kfold,M2,1,Transfer(GNB+NMF),RF,87.24840929749384,87.24825395326565,12.504871394510447,0.9504209060220484,1.0
P2_random_kfold,M2,1,Transfer(GNB+NMF),KNC,91.83222958057395,91.83292583811928,7.063980683040668,0.9731093289987083,1.0
P2_random_kfold,M2,1,MFCC,GNB,65.98701298701299,65.98701298701299,33.480519480519476,0.732350345758138,2.0
P2_random_kfold,M2,1,MFCC,LR,79.96103896103897,79.96103896103897,20.03896103896104,0.8801117895091922,2.0
P2_random_kfold,M2,1,MFCC,RF,90.42857142857143,90.42857142857143,9.831168831168831,0.9657052454039468,2.0
P2_random_kfold,M2,1,MFCC,KNC,94.46753246753246,94.46753246753246,4.0389610389610375,0.9867168156518807,2.0
P2_random_kfold,M2,1,Transfer(GNB+NMF),GNB,67.94805194805194,67.94805194805194,31.41558441558442,0.7734377804014169,2.0
P2_random_kfold,M2,1,Transfer(GNB+NMF),LR,77.35064935064935,77.35064935064935,22.636363636363637,0.8529947039973014,2.0
P2_random_kfold,M2,1,Transfer(GNB+NMF),RF,86.0909090909091,86.09090909090908,13.636363636363635,0.9434314049586777,2.0
P2_random_kfold,M2,1,Transfer(GNB+NMF),KNC,90.8961038961039,90.8961038961039,7.81818181818182,0.9700986001011975,2.0
P2_random_kfold,M2,1,MFCC,GNB,65.94805194805194,65.94805194805195,33.97402597402598,0.7248958003035926,3.0
P2_random_kfold,M2,1,MFCC,LR,81.33766233766234,81.33766233766234,18.649350649350648,0.8923340866925282,3.0
P2_random_kfold,M2,1,MFCC,RF,90.23376623376623,90.23376623376623,9.922077922077921,0.9645375611401585,3.0
P2_random_kfold,M2,1,MFCC,KNC,94.44155844155844,94.44155844155844,4.259740259740257,0.9838773823579019,3.0
P2_random_kfold,M2,1,Transfer(GNB+NMF),GNB,69.20779220779221,69.20779220779221,30.051948051948052,0.7847738235790184,3.0
P2_random_kfold,M2,1,Transfer(GNB+NMF),LR,78.92207792207793,78.92207792207793,21.116883116883116,0.8692576151121606,3.0
P2_random_kfold,M2,1,Transfer(GNB+NMF),RF,86.76623376623377,86.76623376623375,13.129870129870131,0.9429001855287569,3.0
P2_random_kfold,M2,1,Transfer(GNB+NMF),KNC,91.02597402597402,91.02597402597404,7.831168831168833,0.9678867262607523,3.0
P2_random_kfold,M2,1,MFCC,GNB,65.64935064935065,65.64935064935065,34.038961038961034,0.7263319278124473,4.0
P2_random_kfold,M2,1,MFCC,LR,80.42857142857143,80.42857142857143,19.532467532467535,0.8851543936582897,4.0
P2_random_kfold,M2,1,MFCC,RF,89.93506493506493,89.93506493506493,10.18181818181818,0.9642844999156689,4.0
P2_random_kfold,M2,1,MFCC,KNC,94.67532467532467,94.67532467532467,4.025974025974026,0.9872316748186879,4.0
P2_random_kfold,M2,1,Transfer(GNB+NMF),GNB,67.46753246753246,67.46753246753248,31.766233766233764,0.7665493337831001,4.0
P2_random_kfold,M2,1,Transfer(GNB+NMF),LR,77.12987012987013,77.12987012987014,22.81818181818182,0.855793894417271,4.0
P2_random_kfold,M2,1,Transfer(GNB+NMF),RF,87.14285714285714,87.14285714285714,12.779220779220779,0.9481988868274583,4.0
P2_random_kfold,M2,1,Transfer(GNB+NMF),KNC,92.18181818181819,92.18181818181819,7.480519480519482,0.971897014673638,4.0
P3_presplit_smote_kfold,M1+M2,1,MFCC,GNB,67.70549279314375,67.70492737592193,31.723151686018475,0.7568686493978625,0.0
P3_presplit_smote_kfold,M1+M2,1,MFCC,LR,81.04142319179327,81.04141275499363,18.98454778148364,0.8933380096922033,0.0
P3_presplit_smote_kfold,M1+M2,1,MFCC,RF,93.68913128165174,93.68875009695576,5.84340043233837,0.9822248901449109,0.0
P3_presplit_smote_kfold,M1+M2,1,MFCC,KNC,93.58524866900403,93.58443919103487,2.50619336519103,0.9852264717884038,0.0
P3_presplit_smote_kfold,M1+M2,1,Transfer(GNB+NMF),GNB,71.4582521750422,71.45799876571104,28.256071116626817,0.8151599685694726,0.0
P3_presplit_smote_kfold,M1+M2,1,Transfer(GNB+NMF),LR,78.88585897935333,78.88577768634897,21.075180337709547,0.8717013290526664,0.0
P3_presplit_smote_kfold,M1+M2,1,Transfer(GNB+NMF),RF,90.26100506427737,90.26107571991757,9.738995099940308,0.9649642696955084,0.0
P3_presplit_smote_kfold,M1+M2,1,Transfer(GNB+NMF),KNC,92.7022464614985,92.7014099896468,5.167917255426994,0.9785503849565131,0.0
P3_presplit_smote_kfold,M1+M2,1,MFCC,GNB,67.92624334502013,67.9268970447885,31.476435535381263,0.7547359936869156,1.0
P3_presplit_smote_kfold,M1+M2,1,MFCC,LR,81.67770419426049,81.67777301898309,18.24438584007527,0.8917885386490942,1.0
P3_presplit_smote_kfold,M1+M2,1,MFCC,RF,93.80599922088041,93.8064223493982,6.090119955349767,0.9811684602076708,1.0
P3_presplit_smote_kfold,M1+M2,1,MFCC,KNC,93.45539540319439,93.45622152451547,2.752845440718721,0.9831675024534023,1.0
P3_presplit_smote_kfold,M1+M2,1,Transfer(GNB+NMF),GNB,69.02999610440203,69.03048626263374,30.074016868615672,0.781410731569132,1.0
P3_presplit_smote_kfold,M1+M2,1,Transfer(GNB+NMF),LR,79.6130372678873,79.61320217046001,20.490842317900228,0.8717126602299284,1.0
P3_presplit_smote_kfold,M1+M2,1,Transfer(GNB+NMF),RF,89.83248928710556,89.832446960985,10.141538544550748,0.9624965686092666,1.0
P3_presplit_smote_kfold,M1+M2,1,Transfer(GNB+NMF),KNC,92.11790676535514,92.11875478455588,5.713820326648162,0.9756978622520041,1.0
P3_presplit_smote_kfold,M1+M2,1,MFCC,GNB,67.36363636363636,67.36363636363636,31.961038961038955,0.7485930511047394,2.0
P3_presplit_smote_kfold,M1+M2,1,MFCC,LR,80.88311688311688,80.88311688311688,19.103896103896105,0.8896566706021253,2.0
P3_presplit_smote_kfold,M1+M2,1,MFCC,RF,93.71428571428572,93.71428571428572,6.532467532467535,0.9818422668240849,2.0
P3_presplit_smote_kfold,M1+M2,1,MFCC,KNC,93.6103896103896,93.6103896103896,2.6623376623376633,0.9834214201383031,2.0
P3_presplit_smote_kfold,M1+M2,1,Transfer(GNB+NMF),GNB,70.61038961038962,70.61038961038962,29.415584415584416,0.8025453870804521,2.0
P3_presplit_smote_kfold,M1+M2,1,Transfer(GNB+NMF),LR,79.07792207792208,79.07792207792208,20.961038961038962,0.872148692865576,2.0
P3_presplit_smote_kfold,M1+M2,1,Transfer(GNB+NMF),RF,90.16883116883116,90.16883116883116,9.870129870129873,0.9661840445269017,2.0
P3_presplit_smote_kfold,M1+M2,1,Transfer(GNB+NMF),KNC,92.74025974025975,92.74025974025975,5.766233766233764,0.974382054309327,2.0
P3_presplit_smote_kfold,M1+M2,1,MFCC,GNB,67.63636363636364,67.63636363636364,31.974025974025977,0.7500196660482374,3.0
P3_presplit_smote_kfold,M1+M2,1,MFCC,LR,81.0,81.0,18.961038961038962,0.888282880755608,3.0
P3_presplit_smote_kfold,M1+M2,1,MFCC,RF,93.72727272727272,93.72727272727272,6.285714285714285,0.9813121268342047,3.0
P3_presplit_smote_kfold,M1+M2,1,MFCC,KNC,93.4025974025974,93.4025974025974,2.7792207792207773,0.9834531624219937,3.0
P3_presplit_smote_kfold,M1+M2,1,Transfer(GNB+NMF),GNB,70.11688311688312,70.11688311688312,29.272727272727273,0.7950255355034576,3.0
P3_presplit_smote_kfold,M1+M2,1,Transfer(GNB+NMF),LR,78.25974025974027,78.25974025974025,21.714285714285715,0.8672556586270872,3.0
P3_presplit_smote_kfold,M1+M2,1,Transfer(GNB+NMF),RF,90.70129870129871,90.70129870129871,9.168831168831169,0.969828773823579,3.0
P3_presplit_smote_kfold,M1+M2,1,Transfer(GNB+NMF),KNC,92.62337662337661,92.62337662337663,5.259740259740261,0.9783986506999494,3.0
P3_presplit_smote_kfold,M1+M2,1,MFCC,GNB,67.36363636363636,67.36363636363636,32.493506493506494,0.7465884634845673,4.0
P3_presplit_smote_kfold,M1+M2,1,MFCC,LR,81.0,81.0,19.05194805194805,0.8904298195311181,4.0
P3_presplit_smote_kfold,M1+M2,1,MFCC,RF,94.12987012987013,94.12987012987013,6.038961038961038,0.9817439028503964,4.0
P3_presplit_smote_kfold,M1+M2,1,MFCC,KNC,93.81818181818183,93.81818181818183,3.0000000000000027,0.9817490639230899,4.0
P3_presplit_smote_kfold,M1+M2,1,Transfer(GNB+NMF),GNB,69.07792207792208,69.07792207792207,30.62337662337662,0.7837956485073367,4.0
P3_presplit_smote_kfold,M1+M2,1,Transfer(GNB+NMF),LR,78.81818181818183,78.81818181818181,21.22077922077922,0.8700759655928487,4.0
P3_presplit_smote_kfold,M1+M2,1,Transfer(GNB+NMF),RF,89.80519480519482,89.80519480519482,10.27272727272727,0.961744240175409,4.0
P3_presplit_smote_kfold,M1+M2,1,Transfer(GNB+NMF),KNC,92.36363636363636,92.36363636363636,5.714285714285712,0.976417574633159,4.0
P0_speaker_disjoint,none,2,MFCC,GNB,71.88321935823251,71.8516007261939,28.511302499612544,0.7830044612216883,
P0_speaker_disjoint,none,2,MFCC,LR,83.24566017885323,83.24623065512431,16.70174020855935,0.909111740872761,
P0_speaker_disjoint,none,2,MFCC,RF,87.24355602314571,87.29052737618173,12.02000354240928,0.9473761263754512,
P0_speaker_disjoint,none,2,MFCC,KNC,84.06102051551815,84.14567051165673,15.009935351030624,0.9001801647220316,
P0_speaker_disjoint,none,2,Transfer(GNB+NMF),GNB,74.98684902682798,74.97536918546727,24.829161777403854,0.8408645969402441,
P0_speaker_disjoint,none,2,Transfer(GNB+NMF),LR,84.40294581799053,84.3589069453362,15.202636880908626,0.9179038346580468,
P0_speaker_disjoint,none,2,Transfer(GNB+NMF),RF,84.1136244082062,84.1738714105431,14.83436469103549,0.9375312728319348,
P0_speaker_disjoint,none,2,Transfer(GNB+NMF),KNC,81.14150447133088,81.21678991298957,16.861895853167137,0.885111364491775,
P1_random_holdout,M2,2,MFCC,GNB,66.11269800051934,66.11140780299658,33.44586047389786,0.7392315680166148,
P1_random_holdout,M2,2,MFCC,LR,81.09581926772267,81.09583147900905,18.800326361074028,0.8886055481382585,
P1_random_holdout,M2,2,MFCC,RF,90.28823682160477,90.28766975495948,10.153200900864453,0.9650267696996669,
P1_random_holdout,M2,2,MFCC,KNC,94.39106725525838,94.3898396515219,3.402044476810832,0.9878523553289907,
P1_random_holdout,M2,2,Transfer(GNB+NMF),GNB,68.26798234224877,68.26742727677306,31.26460870386104,0.7883069682135102,
P1_random_holdout,M2,2,Transfer(GNB+NMF),LR,77.72007270838743,77.72012515003169,22.305889333926718,0.8672379334061577,
P1_random_holdout,M2,2,Transfer(GNB+NMF),RF,86.65281745001299,86.65303232592953,13.243314318080673,0.9465927634151934,
P1_random_holdout,M2,2,Transfer(GNB+NMF),KNC,91.43079719553363,91.42908389637363,6.777737319793394,0.972273738722337,
P2_random_kfold,M2,2,MFCC,GNB,66.0174003376185,66.01672023120997,33.89169957541809,0.7300979337463368,0.0
P2_random_kfold,M2,2,MFCC,LR,80.9245552525646,80.92455324472982,19.114397677108663,0.888232504965821,0.0
P2_random_kfold,M2,2,MFCC,RF,90.1830931047916,90.18288722443488,9.8558613549525,0.9650483767076858,0.0
P2_random_kfold,M2,2,MFCC,KNC,94.84482534735749,94.84424015351047,3.5970855942291937,0.9886106830069437,0.0
P2_random_kfold,M2,2,Transfer(GNB+NMF),GNB,68.51058304116349,68.51024358658739,30.63238760719934,0.7898924887109774,0.0
P2_random_kfold,M2,2,Transfer(GNB+NMF),LR,78.05479807817166,78.05484154899891,21.81534902386629,0.8645291997018821,0.0
P2_random_kfold,M2,2,Transfer(GNB+NMF),RF,87.49513050253213,87.49521291484417,12.452923342562396,0.9503630360810312,0.0
P2_random_kfold,M2,2,Transfer(GNB+NMF),KNC,91.81924425399299,91.81849882135522,7.336772030877456,0.971182253218088,0.0
P2_random_kfold,M2,2,MFCC,GNB,65.3032073756655,65.30373288098555,34.43708667338893,0.7191070627632561,1.0
P2_random_kfold,M2,2,MFCC,LR,80.44409816906895,80.44406748795218,19.594856454892806,0.8843934953646718,1.0
P2_random_kfold,M2,2,MFCC,RF,90.67653551486819,90.67679840284359,9.53122987114158,0.9636419617775109,1.0
P2_random_kfold,M2,2,MFCC,KNC,94.45526554992858,94.45588765947114,3.752572278409723,0.9883455132247655,1.0
P2_random_kfold,M2,2,Transfer(GNB+NMF),GNB,69.49746786131671,69.4975432254061,30.463576672613286,0.7830544941944577,1.0
P2_random_kfold,M2,2,Transfer(GNB+NMF),LR,78.0418127515907,78.04174324766379,22.04908490626486,0.8598598441288652,1.0
P2_random_kfold,M2,2,Transfer(GNB+NMF),RF,86.37839241656927,86.37808698701973,13.348915950318183,0.9427591416633225,1.0
P2_random_kfold,M2,2,Transfer(GNB+NMF),KNC,91.23490455784963,91.23570872129689,7.713270629655983,0.9716122309266946,1.0
P2_random_kfold,M2,2,MFCC,GNB,66.75324675324676,66.75324675324676,32.8051948051948,0.7337708888514082,2.0
P2_random_kfold,M2,2,MFCC,LR,81.0,81.0,18.974025974025974,0.8907421824928319,2.0
P2_random_kfold,M2,2,MFCC,RF,90.93506493506493,90.93506493506493,9.285714285714288,0.9669710912464159,2.0
P2_random_kfold,M2,2,MFCC,KNC,94.84415584415584,94.84415584415584,4.103896103896106,0.986962185866082,2.0
P2_random_kfold,M2,2,Transfer(GNB+NMF),GNB,69.67532467532467,69.67532467532467,29.753246753246753,0.7936603137122618,2.0
P2_random_kfold,M2,2,Transfer(GNB+NMF),LR,78.05194805194805,78.05194805194805,21.935064935064936,0.8655419126328218,2.0
P2_random_kfold,M2,2,Transfer(GNB+NMF),RF,86.66233766233766,86.66233766233766,13.311688311688313,0.9456404115365155,2.0
P2_random_kfold,M2,2,Transfer(GNB+NMF),KNC,91.37662337662337,91.37662337662337,7.103896103896104,0.9726102884128858,2.0
P2_random_kfold,M2,2,MFCC,GNB,66.24675324675324,66.24675324675324,33.22077922077922,0.7313171529768933,3.0
P2_random_kfold,M2,2,MFCC,LR,81.22077922077922,81.22077922077922,18.922077922077925,0.8902256029684601,3.0
P2_random_kfold,M2,2,MFCC,RF,90.33766233766234,90.33766233766234,9.714285714285714,0.9666661494349805,3.0
P2_random_kfold,M2,2,MFCC,KNC,94.64935064935065,94.64935064935065,3.8311688311688306,0.9863196491819868,3.0
P2_random_kfold,M2,2,Transfer(GNB+NMF),GNB,70.63636363636364,70.63636363636363,29.35064935064935,0.8002304941811436,3.0
P2_random_kfold,M2,2,Transfer(GNB+NMF),LR,79.03896103896105,79.03896103896105,20.92207792207792,0.8662238151458931,3.0
P2_random_kfold,M2,2,Transfer(GNB+NMF),RF,85.75324675324674,85.75324675324676,14.12987012987013,0.9398813290605499,3.0
P2_random_kfold,M2,2,Transfer(GNB+NMF),KNC,92.20779220779221,92.20779220779221,6.935064935064935,0.9740858492157194,3.0
P2_random_kfold,M2,2,MFCC,GNB,65.94805194805194,65.94805194805194,33.5974025974026,0.7363408331927812,4.0
P2_random_kfold,M2,2,MFCC,LR,80.6103896103896,80.6103896103896,19.4025974025974,0.8840536346770113,4.0
P2_random_kfold,M2,2,MFCC,RF,90.45454545454545,90.45454545454545,9.818181818181817,0.9657179288244223,4.0
P2_random_kfold,M2,2,MFCC,KNC,94.1948051948052,94.19480519480518,4.103896103896106,0.9849230898971157,4.0
P2_random_kfold,M2,2,Transfer(GNB+NMF),GNB,70.35064935064935,70.35064935064935,28.974025974025974,0.8001424860853432,4.0
P2_random_kfold,M2,2,Transfer(GNB+NMF),LR,77.31168831168831,77.31168831168831,22.597402597402592,0.8571348288075561,4.0
P2_random_kfold,M2,2,Transfer(GNB+NMF),RF,85.7012987012987,85.7012987012987,14.2987012987013,0.938845808736718,4.0
P2_random_kfold,M2,2,Transfer(GNB+NMF),KNC,91.1038961038961,91.1038961038961,8.012987012987013,0.9688023950075897,4.0
P3_presplit_smote_kfold,M1+M2,2,MFCC,GNB,67.03025581093365,67.02960270059725,32.59317026780024,0.7398673982470398,0.0
P3_presplit_smote_kfold,M1+M2,2,MFCC,LR,81.00246721205039,81.00241461991658,19.140371703082685,0.8899932889753714,0.0
P3_presplit_smote_kfold,M1+M2,2,MFCC,RF,94.03973509933775,94.03937584098581,6.362810131961,0.9817725873191985,0.0
P3_presplit_smote_kfold,M1+M2,2,MFCC,KNC,93.37748344370861,93.37665710036522,2.921723822788482,0.9828237563527099,0.0
P3_presplit_smote_kfold,M1+M2,2,Transfer(GNB+NMF),GNB,69.58836514738346,69.58816903688366,29.91819294701663,0.7867791465869887,0.0
P3_presplit_smote_kfold,M1+M2,2,Transfer(GNB+NMF),LR,78.02882742500974,78.02883717165723,21.99714359906518,0.8623733420565411,0.0
P3_presplit_smote_kfold,M1+M2,2,Transfer(GNB+NMF),RF,89.97532787949616,89.97537155132585,9.8558613549525,0.9651506270929798,0.0
P3_presplit_smote_kfold,M1+M2,2,Transfer(GNB+NMF),KNC,92.11790676535514,92.1170213842247,5.739207559513973,0.9770239809528305,0.0
P3_presplit_smote_kfold,M1+M2,2,MFCC,GNB,66.7965199324763,66.79725286398877,32.72302353579944,0.7379077116080491,1.0
P3_presplit_smote_kfold,M1+M2,2,MFCC,LR,81.32710037657446,81.32705284847586,18.672899938285553,0.894023276126626,1.0
P3_presplit_smote_kfold,M1+M2,2,MFCC,RF,93.44241007661343,93.44276575151673,6.3757937725738305,0.982269607826606,1.0
P3_presplit_smote_kfold,M1+M2,2,MFCC,KNC,93.62420464874691,93.62500885248224,2.609984925487394,0.9832387269961924,1.0
P3_presplit_smote_kfold,M1+M2,2,Transfer(GNB+NMF),GNB,68.93909881833528,68.9395940335956,30.203866764240693,0.7893699393309883,1.0
P3_presplit_smote_kfold,M1+M2,2,Transfer(GNB+NMF),LR,79.26243345020127,79.2624786275786,20.750545481524448,0.8736334296708226,1.0
P3_presplit_smote_kfold,M1+M2,2,Transfer(GNB+NMF),RF,90.35190235034412,90.35194434233644,9.726011459327484,0.965576355610113,1.0
P3_presplit_smote_kfold,M1+M2,2,Transfer(GNB+NMF),KNC,92.75418776782236,92.75501387731977,5.428068944817844,0.9752578348683256,1.0
P3_presplit_smote_kfold,M1+M2,2,MFCC,GNB,67.36363636363636,67.36363636363636,31.233766233766236,0.7523996289424862,2.0
P3_presplit_smote_kfold,M1+M2,2,MFCC,LR,81.81818181818183,81.81818181818181,18.233766233766236,0.8975220779220778,2.0
P3_presplit_smote_kfold,M1+M2,2,MFCC,RF,93.92207792207792,93.92207792207792,6.012987012987011,0.9828269185360095,2.0
P3_presplit_smote_kfold,M1+M2,2,MFCC,KNC,93.84415584415584,93.84415584415584,2.6233766233766227,0.9825979085849216,2.0
P3_presplit_smote_kfold,M1+M2,2,Transfer(GNB+NMF),GNB,68.87012987012987,68.87012987012987,29.8961038961039,0.7988097824253668,2.0
P3_presplit_smote_kfold,M1+M2,2,Transfer(GNB+NMF),LR,79.46753246753246,79.46753246753246,20.506493506493506,0.8762681733850565,2.0
P3_presplit_smote_kfold,M1+M2,2,Transfer(GNB+NMF),RF,89.50649350649351,89.50649350649351,10.571428571428573,0.962559149940968,2.0
P3_presplit_smote_kfold,M1+M2,2,Transfer(GNB+NMF),KNC,93.03896103896105,93.03896103896103,5.467532467532466,0.9776774160904032,2.0
P3_presplit_smote_kfold,M1+M2,2,MFCC,GNB,67.23376623376623,67.23376623376623,32.220779220779214,0.7411472423680217,3.0
P3_presplit_smote_kfold,M1+M2,2,MFCC,LR,81.2987012987013,81.29870129870129,18.7012987012987,0.8921140158542755,3.0
P3_presplit_smote_kfold,M1+M2,2,MFCC,RF,93.92207792207792,93.92207792207792,5.753246753246752,0.9823848878394335,3.0
P3_presplit_smote_kfold,M1+M2,2,MFCC,KNC,93.67532467532467,93.67532467532467,2.8311688311688328,0.9837750379490638,3.0
P3_presplit_smote_kfold,M1+M2,2,Transfer(GNB+NMF),GNB,69.2987012987013,69.2987012987013,29.83116883116883,0.7893675830662843,3.0
P3_presplit_smote_kfold,M1+M2,2,Transfer(GNB+NMF),LR,78.62337662337663,78.62337662337661,21.376623376623375,0.8720346095462979,3.0
P3_presplit_smote_kfold,M1+M2,2,Transfer(GNB+NMF),RF,90.63636363636364,90.63636363636364,9.298701298701298,0.9656503963568899,3.0
P3_presplit_smote_kfold,M1+M2,2,Transfer(GNB+NMF),KNC,92.14285714285714,92.14285714285715,6.0909090909090935,0.9751667397537528,3.0
P3_presplit_smote_kfold,M1+M2,2,MFCC,GNB,67.0909090909091,67.0909090909091,33.11688311688312,0.7350575476471581,4.0
P3_presplit_smote_kfold,M1+M2,2,MFCC,LR,80.7012987012987,80.7012987012987,19.35064935064935,0.8886032720526227,4.0
P3_presplit_smote_kfold,M1+M2,2,MFCC,RF,93.38961038961038,93.38961038961038,6.311688311688313,0.9817809411367853,4.0
P3_presplit_smote_kfold,M1+M2,2,MFCC,KNC,93.42857142857143,93.42857142857143,2.597402597402595,0.9837644796761681,4.0
P3_presplit_smote_kfold,M1+M2,2,Transfer(GNB+NMF),GNB,68.66233766233766,68.66233766233766,30.467532467532465,0.7861528082307303,4.0
P3_presplit_smote_kfold,M1+M2,2,Transfer(GNB+NMF),LR,78.71428571428571,78.71428571428571,21.259740259740262,0.8701839095968966,4.0
P3_presplit_smote_kfold,M1+M2,2,Transfer(GNB+NMF),RF,90.5064935064935,90.5064935064935,9.42857142857143,0.9649876876370382,4.0
P3_presplit_smote_kfold,M1+M2,2,Transfer(GNB+NMF),KNC,92.71428571428572,92.71428571428572,5.493506493506492,0.9762886152808231,4.0
P0_speaker_disjoint,none,3,MFCC,GNB,67.20924127067471,67.2344069939873,32.76453142259347,0.7290983875512939,
P0_speaker_disjoint,none,3,MFCC,LR,83.30270412181675,83.32191786487725,16.9336617900006,0.9018517875134628,
P0_speaker_disjoint,none,3,MFCC,RF,85.45550013126805,85.51767219296664,13.546218033241622,0.9461115440165574,
P0_speaker_disjoint,none,3,MFCC,KNC,85.58676818062484,85.6587387065447,13.266456335281681,0.9166560508324743,
P0_speaker_disjoint,none,3,Transfer(GNB+NMF),GNB,69.15200840115516,69.17860741211331,30.034400817501954,0.7905468340273607,
P0_speaker_disjoint,none,3,Transfer(GNB+NMF),LR,81.46495143082174,81.4608104762015,18.43001187319014,0.9023527997401463,
P0_speaker_disjoint,none,3,Transfer(GNB+NMF),RF,84.72039905487004,84.78899857665101,14.5180218261551,0.9413647495848795,
P0_speaker_disjoint,none,3,Transfer(GNB+NMF),KNC,83.04016802310318,83.09610390613066,15.666930821709682,0.9000356526587288,
P1_random_holdout,M2,3,MFCC,GNB,65.2038431576214,65.202492211838,33.78342840959663,0.7260684279375869,
P1_random_holdout,M2,3,MFCC,LR,81.9527395481693,81.95273158824561,18.07322895173363,0.8922261331607126,
P1_random_holdout,M2,3,MFCC,RF,91.01532069592314,91.0149694542218,9.088549041820071,0.9702566384809377,
P1_random_holdout,M2,3,MFCC,KNC,94.46896909893535,94.46774824344918,4.051314210192712,0.987345551644617,
P1_random_holdout,M2,3,Transfer(GNB+NMF),GNB,68.63152427940794,68.63092878046149,30.563485320494664,0.7794174050248817,
P1_random_holdout,M2,3,Transfer(GNB+NMF),LR,78.9145676447676,78.91470108292538,21.111394317001793,0.8665698372240428,
P1_random_holdout,M2,3,Transfer(GNB+NMF),RF,88.0550506361984,88.0549958867716,11.815107011368692,0.9529864735472213,
P1_random_holdout,M2,3,Transfer(GNB+NMF),KNC,92.59932485068813,92.5978880932152,6.310204852260927,0.9722479804722794,
P2_random_kfold,M2,3,MFCC,GNB,65.80963511232308,65.80904268414007,33.60602575819402,0.7253720571819767,0.0
P2_random_kfold,M2,3,MFCC,LR,81.23620309050773,81.23626853541161,18.828730604632966,0.8897924978163878,0.0
P2_random_kfold,M2,3,MFCC,RF,90.27399039085833,90.27379294296978,9.829894073726845,0.9663353421442229,0.0
P2_random_kfold,M2,3,MFCC,KNC,94.79288404103363,94.79228535681405,3.8438455857308123,0.9868878719307179,0.0
P2_random_kfold,M2,3,Transfer(GNB+NMF),GNB,68.44565640825867,68.44526130841373,31.099852627248104,0.7819831920870612,0.0
P2_random_kfold,M2,3,Transfer(GNB+NMF),LR,78.09375405791455,78.09380596033412,21.828332664479117,0.8644582786727685,0.0
P2_random_kfold,M2,3,Transfer(GNB+NMF),RF,87.78080768731333,87.78090022156498,12.03739625733913,0.9511990476415301,0.0
P2_random_kfold,M2,3,Transfer(GNB+NMF),KNC,91.97506817296454,91.9742923915866,7.427714845528399,0.9706356588101589,0.0
P2_random_kfold,M2,3,MFCC,GNB,65.95247370471368,65.95311725407804,33.58005510459419,0.7283526626580379,1.0
P2_random_kfold,M2,3,MFCC,LR,80.5349954551357,80.53498332360964,19.426048892680935,0.8858661774475849,1.0
P2_random_kfold,M2,3,MFCC,RF,90.13115179846774,90.13142479436948,10.154525557537761,0.9638662921083071,1.0
P2_random_kfold,M2,3,MFCC,KNC,94.24750032463317,94.24814266491752,4.323957008973888,0.9860735110124879,1.0
P2_random_kfold,M2,3,Transfer(GNB+NMF),GNB,68.75730424620178,68.75760386069396,30.476560313226113,0.7828265554232836,1.0
P2_random_kfold,M2,3,Transfer(GNB+NMF),LR,78.10673938449551,78.1067120363407,21.828332664479117,0.8634567509872625,1.0
P2_random_kfold,M2,3,Transfer(GNB+NMF),RF,86.84586417348396,86.84572062577776,13.06323538834575,0.9453580955528502,1.0
P2_random_kfold,M2,3,Transfer(GNB+NMF),KNC,91.4946110894689,91.49537816117925,7.427600184806107,0.9718208797175298,1.0
P2_random_kfold,M2,3,MFCC,GNB,66.41558441558442,66.41558441558442,33.58441558441558,0.7312678697925451,2.0
P2_random_kfold,M2,3,MFCC,LR,80.37662337662339,80.37662337662337,19.66233766233766,0.8858769438353854,2.0
P2_random_kfold,M2,3,MFCC,RF,90.5844155844156,90.5844155844156,9.922077922077921,0.9657792545117221,2.0
P2_random_kfold,M2,3,MFCC,KNC,94.44155844155844,94.44155844155844,3.8051948051948075,0.9857962556923595,2.0
P2_random_kfold,M2,3,Transfer(GNB+NMF),GNB,68.57142857142857,68.57142857142857,30.402597402597404,0.7848649350649349,2.0
P2_random_kfold,M2,3,Transfer(GNB+NMF),LR,78.03896103896105,78.03896103896105,21.818181818181813,0.8644576151121606,2.0
P2_random_kfold,M2,3,Transfer(GNB+NMF),RF,86.50649350649351,86.50649350649351,13.467532467532466,0.944221892393321,2.0
P2_random_kfold,M2,3,Transfer(GNB+NMF),KNC,91.97402597402598,91.97402597402598,7.688311688311687,0.9717459268004722,2.0
P2_random_kfold,M2,3,MFCC,GNB,66.33766233766234,66.33766233766234,33.05194805194805,0.7365501770956316,3.0
P2_random_kfold,M2,3,MFCC,LR,80.67532467532467,80.67532467532467,19.350649350649352,0.8861783100016867,3.0
P2_random_kfold,M2,3,MFCC,RF,90.67532467532467,90.67532467532467,9.623376623376622,0.9658596727947377,3.0
P2_random_kfold,M2,3,MFCC,KNC,94.9090909090909,94.9090909090909,3.974025974025975,0.9861922752572103,3.0
P2_random_kfold,M2,3,Transfer(GNB+NMF),GNB,69.8961038961039,69.8961038961039,29.909090909090914,0.7928703997301401,3.0
P2_random_kfold,M2,3,Transfer(GNB+NMF),LR,77.74025974025975,77.74025974025973,22.311688311688314,0.8620802158880081,3.0
P2_random_kfold,M2,3,Transfer(GNB+NMF),RF,87.05194805194805,87.05194805194805,12.857142857142856,0.9463450160229381,3.0
P2_random_kfold,M2,3,Transfer(GNB+NMF),KNC,91.8051948051948,91.8051948051948,7.610389610389612,0.9715137122617641,3.0
P2_random_kfold,M2,3,MFCC,GNB,65.84415584415585,65.84415584415584,34.18181818181818,0.7291321976724574,4.0
P2_random_kfold,M2,3,MFCC,LR,81.28571428571428,81.28571428571429,18.779220779220783,0.8889591499409681,4.0
P2_random_kfold,M2,3,MFCC,RF,90.68831168831169,90.68831168831169,9.4025974025974,0.9672632147073705,4.0
P2_random_kfold,M2,3,MFCC,KNC,95.18181818181817,95.18181818181819,3.5844155844155843,0.9874192949907237,4.0
P2_random_kfold,M2,3,Transfer(GNB+NMF),GNB,69.33766233766234,69.33766233766234,30.142857142857142,0.78735520323832,4.0
P2_random_kfold,M2,3,Transfer(GNB+NMF),LR,78.1948051948052,78.1948051948052,21.753246753246753,0.859883386743127,4.0
P2_random_kfold,M2,3,Transfer(GNB+NMF),RF,86.94805194805195,86.94805194805195,12.961038961038962,0.9473812109967954,4.0
P2_random_kfold,M2,3,Transfer(GNB+NMF),KNC,91.1038961038961,91.1038961038961,7.77922077922078,0.9693715297689325,4.0
P3_presplit_smote_kfold,M1+M2,3,MFCC,GNB,66.80950525905726,66.80892802341776,32.839889790811625,0.7391553214378456,0.0
P3_presplit_smote_kfold,M1+M2,3,MFCC,LR,81.13232047786002,81.13245336849594,18.945593487270973,0.8903330219507836,0.0
P3_presplit_smote_kfold,M1+M2,3,MFCC,RF,93.81898454746137,93.81873825992237,6.206986210361956,0.9815293716929655,0.0
P3_presplit_smote_kfold,M1+M2,3,MFCC,KNC,93.36449811712765,93.36366334262985,2.765916763060361,0.9831125327541843,0.0
P3_presplit_smote_kfold,M1+M2,3,Transfer(GNB+NMF),GNB,69.44552655499285,69.44549400223251,30.56745928701265,0.7964870652588127,0.0
P3_presplit_smote_kfold,M1+M2,3,Transfer(GNB+NMF),LR,77.92494481236203,77.92504223898666,22.295804429276256,0.862858019674431,0.0
P3_presplit_smote_kfold,M1+M2,3,Transfer(GNB+NMF),RF,89.41695883651474,89.41707500497425,10.479160413722862,0.9621564309489524,0.0
P3_presplit_smote_kfold,M1+M2,3,Transfer(GNB+NMF),KNC,92.62433450201273,92.62352500784077,5.441167246152965,0.9776513099987522,0.0
P3_presplit_smote_kfold,M1+M2,3,MFCC,GNB,67.03025581093365,67.03081001055553,32.21659410441545,0.7443755543340067,1.0
P3_presplit_smote_kfold,M1+M2,3,MFCC,LR,81.30112972341254,81.30106533300508,18.815743591645955,0.895731720888823,1.0
P3_presplit_smote_kfold,M1+M2,3,MFCC,RF,93.5592780158421,93.55965561314821,6.81729825614531,0.981829512995444,1.0
P3_presplit_smote_kfold,M1+M2,3,MFCC,KNC,93.33852746396572,93.33936201425166,2.3892360560758386,0.984340717708674,1.0
P3_presplit_smote_kfold,M1+M2,3,Transfer(GNB+NMF),GNB,70.79600051941306,70.79607253302397,29.087128659447536,0.8044487685775663,1.0
P3_presplit_smote_kfold,M1+M2,3,Transfer(GNB+NMF),LR,78.65212310089599,78.65213623042759,21.347877259069158,0.8714665443618962,1.0
P3_presplit_smote_kfold,M1+M2,3,Transfer(GNB+NMF),RF,89.74159200103882,89.74171323353353,10.284378825536965,0.9626127131762031,1.0
P3_presplit_smote_kfold,M1+M2,3,Transfer(GNB+NMF),KNC,92.7412024412414,92.7420403538295,5.142422106587256,0.9783554280048696,1.0
P3_presplit_smote_kfold,M1+M2,3,MFCC,GNB,67.12987012987013,67.12987012987013,32.142857142857146,0.7478707033226514,2.0
P3_presplit_smote_kfold,M1+M2,3,MFCC,LR,80.5974025974026,80.5974025974026,19.376623376623378,0.8865231236296172,2.0
P3_presplit_smote_kfold,M1+M2,3,MFCC,RF,93.46753246753246,93.46753246753246,6.753246753246754,0.98012960026986,2.0
P3_presplit_smote_kfold,M1+M2,3,MFCC,KNC,93.31168831168831,93.31168831168831,3.454545454545456,0.9792911114859167,2.0
P3_presplit_smote_kfold,M1+M2,3,Transfer(GNB+NMF),GNB,70.1948051948052,70.19480519480518,29.272727272727273,0.7973237308146399,2.0
P3_presplit_smote_kfold,M1+M2,3,Transfer(GNB+NMF),LR,78.33766233766234,78.33766233766234,21.753246753246753,0.8651413729128016,2.0
P3_presplit_smote_kfold,M1+M2,3,Transfer(GNB+NMF),RF,89.72727272727272,89.72727272727272,10.467532467532468,0.9622919210659471,2.0
P3_presplit_smote_kfold,M1+M2,3,Transfer(GNB+NMF),KNC,92.6103896103896,92.6103896103896,6.038961038961037,0.9747280485748018,2.0
P3_presplit_smote_kfold,M1+M2,3,MFCC,GNB,66.71428571428571,66.71428571428571,32.714285714285715,0.7407063585764884,3.0
P3_presplit_smote_kfold,M1+M2,3,MFCC,LR,80.93506493506494,80.93506493506494,19.155844155844154,0.8946915162759318,3.0
P3_presplit_smote_kfold,M1+M2,3,MFCC,RF,94.12987012987013,94.12987012987013,6.155844155844157,0.9824406813965256,3.0
P3_presplit_smote_kfold,M1+M2,3,MFCC,KNC,93.53246753246754,93.53246753246754,2.6753246753246778,0.9845150952943159,3.0
P3_presplit_smote_kfold,M1+M2,3,Transfer(GNB+NMF),GNB,68.76623376623377,68.76623376623377,30.428571428571427,0.785326159554731,3.0
P3_presplit_smote_kfold,M1+M2,3,Transfer(GNB+NMF),LR,78.31168831168831,78.31168831168831,21.68831168831169,0.8681598245909935,3.0
P3_presplit_smote_kfold,M1+M2,3,Transfer(GNB+NMF),RF,89.79220779220779,89.79220779220779,10.14285714285714,0.964779760499241,3.0
P3_presplit_smote_kfold,M1+M2,3,Transfer(GNB+NMF),KNC,92.66233766233766,92.66233766233766,5.5844155844155825,0.9779949738573116,3.0
P3_presplit_smote_kfold,M1+M2,3,MFCC,GNB,66.71428571428571,66.71428571428571,32.67532467532468,0.744557092258391,4.0
P3_presplit_smote_kfold,M1+M2,3,MFCC,LR,80.9090909090909,80.9090909090909,19.03896103896104,0.8909679203912971,4.0
P3_presplit_smote_kfold,M1+M2,3,MFCC,RF,93.94805194805194,93.94805194805195,6.025974025974025,0.9835834036093776,4.0
P3_presplit_smote_kfold,M1+M2,3,MFCC,KNC,93.84415584415584,93.84415584415584,2.441558441558444,0.9859096306291112,4.0
P3_presplit_smote_kfold,M1+M2,3,Transfer(GNB+NMF),GNB,69.12987012987013,69.12987012987013,30.33766233766234,0.7906247259234271,4.0
P3_presplit_smote_kfold,M1+M2,3,Transfer(GNB+NMF),LR,78.11688311688312,78.11688311688312,21.87012987012987,0.8678380165289254,4.0
P3_presplit_smote_kfold,M1+M2,3,Transfer(GNB+NMF),RF,90.32467532467533,90.32467532467533,9.480519480519483,0.9670229718333614,4.0
P3_presplit_smote_kfold,M1+M2,3,Transfer(GNB+NMF),KNC,92.84415584415584,92.84415584415584,4.844155844155844,0.9806915500084331,4.0
P0_speaker_disjoint,none,4,MFCC,GNB,70.62992125984252,70.6135193505015,29.160178010779962,0.777512842509402,
P0_speaker_disjoint,none,4,MFCC,LR,82.6509186351706,82.65520621455926,17.139655348687118,0.9044375654664157,
P0_speaker_disjoint,none,4,MFCC,RF,85.30183727034121,85.34533336236063,12.59843214048621,0.952278858202327,
P0_speaker_disjoint,none,4,MFCC,KNC,84.64566929133859,84.7021262582435,13.58309112539266,0.915620696715608,
P0_speaker_disjoint,none,4,Transfer(GNB+NMF),GNB,74.01574803149606,73.99671899754435,25.511847130528288,0.8370010601391271,
P0_speaker_disjoint,none,4,Transfer(GNB+NMF),LR,82.25721784776903,82.25287969556618,17.79520823728377,0.9051604001246705,
P0_speaker_disjoint,none,4,Transfer(GNB+NMF),RF,83.46456692913385,83.53042037120576,14.934334480921768,0.9429514526827142,
P0_speaker_disjoint,none,4,Transfer(GNB+NMF),KNC,83.83202099737532,83.87276787252095,13.74145061314181,0.9118075578798209,
P1_random_holdout,M2,4,MFCC,GNB,65.74915606336018,65.74794675729255,33.939245593451204,0.7282806705236612,
P1_random_holdout,M2,4,MFCC,LR,80.29083354972735,80.2907445617726,19.761095602217093,0.8821910695742472,
P1_random_holdout,M2,4,MFCC,RF,90.28823682160477,90.28757535299592,9.529986109425362,0.9647705357985732,
P1_random_holdout,M2,4,MFCC,KNC,94.7286419111919,94.72739410122588,3.7656673544524013,0.9876547855052529,
P1_random_holdout,M2,4,Transfer(GNB+NMF),GNB,68.91716437289016,68.9165891221966,30.719315990344025,0.7849766017990316,
P1_random_holdout,M2,4,Transfer(GNB+NMF),LR,78.23941833290054,78.2393898935955,21.734609108440885,0.8624417742174751,
P1_random_holdout,M2,4,Transfer(GNB+NMF),RF,86.96442482472085,86.96461274965948,13.16540572615339,0.947461531199849,
P1_random_holdout,M2,4,Transfer(GNB+NMF),KNC,91.24902622695403,91.24730617253982,7.1932812773934245,0.9697483513371364,
P2_random_kfold,M2,4,MFCC,GNB,65.62784054018958,65.6272919498056,34.099468176591,0.724194963696392,0.0
P2_random_kfold,M2,4,MFCC,LR,80.37917153616412,80.37921335999756,19.58187281427998,0.8843150202173833,0.0
P2_random_kfold,M2,4,MFCC,RF,90.41682898324893,90.41660624496252,9.8558613549525,0.9645043453041375,0.0
P2_random_kfold,M2,4,MFCC,KNC,94.50720685625244,94.50658793297069,3.9476978487625063,0.9856140587535029,0.0
P2_random_kfold,M2,4,Transfer(GNB+NMF),GNB,68.43267108167771,68.43229790204602,30.69731255501185,0.7879221116458197,0.0
P2_random_kfold,M2,4,Transfer(GNB+NMF),LR,78.0418127515907,78.04197594148256,21.99714359906518,0.8602401130419827,0.0
P2_random_kfold,M2,4,Transfer(GNB+NMF),RF,86.27450980392157,86.27479791047695,13.296974643118503,0.943205239320534,0.0
P2_random_kfold,M2,4,Transfer(GNB+NMF),KNC,91.55953772237372,91.558795657731,7.440651272902639,0.9692107969931911,0.0
P2_random_kfold,M2,4,MFCC,GNB,66.13426827684717,66.13490845690274,33.15153763400972,0.7323330759087705,1.0
P2_random_kfold,M2,4,MFCC,LR,81.02843786521231,81.02843585912919,18.98454778148364,0.8887275020487173,1.0
P2_random_kfold,M2,4,MFCC,RF,91.24788988443059,91.24809545167894,8.959872119570896,0.968052420184334,1.0
P2_random_kfold,M2,4,MFCC,KNC,94.80586936761459,94.80647293501097,3.895422676518498,0.9869086794794404,1.0
P2_random_kfold,M2,4,Transfer(GNB+NMF),GNB,69.12089339046878,69.12128069282055,30.450593032000455,0.7798262215582391,1.0
P2_random_kfold,M2,4,Transfer(GNB+NMF),LR,78.7560057135437,78.7560525685688,21.218023991069952,0.867019799208841,1.0
P2_random_kfold,M2,4,Transfer(GNB+NMF),RF,86.9757174392936,86.97560761751882,12.933385492720728,0.9485719007038145,1.0
P2_random_kfold,M2,4,Transfer(GNB+NMF),KNC,91.68939098818335,91.69011253612655,7.414640150812576,0.9708552340933541,1.0
P2_random_kfold,M2,4,MFCC,GNB,65.75324675324676,65.75324675324676,34.01298701298702,0.7243780064091752,2.0
P2_random_kfold,M2,4,MFCC,LR,80.35064935064935,80.35064935064935,19.701298701298704,0.8853725754764717,2.0
P2_random_kfold,M2,4,MFCC,RF,90.20779220779221,90.20779220779221,9.688311688311689,0.9648681396525552,2.0
P2_random_kfold,M2,4,MFCC,KNC,94.45454545454545,94.45454545454545,4.000000000000002,0.9861245403946703,2.0
P2_random_kfold,M2,4,Transfer(GNB+NMF),GNB,68.83116883116884,68.83116883116884,30.83116883116883,0.7818867262607523,2.0
P2_random_kfold,M2,4,Transfer(GNB+NMF),LR,77.67532467532467,77.67532467532467,22.376623376623378,0.8605689323663351,2.0
P2_random_kfold,M2,4,Transfer(GNB+NMF),RF,85.4155844155844,85.4155844155844,14.298701298701296,0.9409763535166132,2.0
P2_random_kfold,M2,4,Transfer(GNB+NMF),KNC,91.36363636363637,91.36363636363636,7.441558441558444,0.9701283858998144,2.0
P2_random_kfold,M2,4,MFCC,GNB,66.35064935064935,66.35064935064935,33.37662337662337,0.7369921740597065,3.0
P2_random_kfold,M2,4,MFCC,LR,80.94805194805194,80.94805194805194,18.92207792207792,0.8892354191263282,3.0
P2_random_kfold,M2,4,MFCC,RF,90.15584415584415,90.15584415584415,9.805194805194803,0.9644164614606173,3.0
P2_random_kfold,M2,4,MFCC,KNC,94.7012987012987,94.70129870129871,4.259740259740262,0.9850450328891888,3.0
P2_random_kfold,M2,4,Transfer(GNB+NMF),GNB,68.24675324675324,68.24675324675324,30.97402597402597,0.7816549839770619,3.0
P2_random_kfold,M2,4,Transfer(GNB+NMF),LR,78.46753246753246,78.46753246753246,21.545454545454547,0.8641305447798955,3.0
P2_random_kfold,M2,4,Transfer(GNB+NMF),RF,86.72727272727273,86.72727272727273,12.87012987012987,0.9469275088547815,3.0
P2_random_kfold,M2,4,Transfer(GNB+NMF),KNC,90.98701298701299,90.98701298701299,7.857142857142857,0.9691923089897116,3.0
P2_random_kfold,M2,4,MFCC,GNB,66.57142857142857,66.57142857142857,33.1948051948052,0.7328825096980941,4.0
P2_random_kfold,M2,4,MFCC,LR,81.24675324675324,81.24675324675324,18.94805194805195,0.8906797099004891,4.0
P2_random_kfold,M2,4,MFCC,RF,90.96103896103897,90.96103896103895,9.233766233766232,0.9681586776859504,4.0
P2_random_kfold,M2,4,MFCC,KNC,94.98701298701299,94.98701298701299,3.610389610389611,0.9885583740934389,4.0
P2_random_kfold,M2,4,Transfer(GNB+NMF),GNB,68.14285714285714,68.14285714285715,31.41558441558442,0.7703281160398043,4.0
P2_random_kfold,M2,4,Transfer(GNB+NMF),LR,78.45454545454545,78.45454545454545,21.714285714285715,0.8654121099679541,4.0
P2_random_kfold,M2,4,Transfer(GNB+NMF),RF,88.05194805194805,88.05194805194805,11.77922077922078,0.9516104570753923,4.0
P2_random_kfold,M2,4,Transfer(GNB+NMF),KNC,92.33766233766234,92.33766233766234,7.1818181818181825,0.9731273064597741,4.0
P3_presplit_smote_kfold,M1+M2,4,MFCC,GNB,67.23802103622906,67.23870676194747,31.5543441238066,0.7485948328482734,0.0
P3_presplit_smote_kfold,M1+M2,4,MFCC,LR,81.13232047786002,81.13241290000572,18.97156076849663,0.8879355336950767,0.0
P3_presplit_smote_kfold,M1+M2,4,MFCC,RF,93.5592780158421,93.55968933689007,6.5965460143595696,0.9820546526960445,0.0
P3_presplit_smote_kfold,M1+M2,4,MFCC,KNC,93.44241007661343,93.44325474577357,2.9476034222853205,0.9814534932737997,0.0
P3_presplit_smote_kfold,M1+M2,4,Transfer(GNB+NMF),GNB,69.48448253473575,69.48481588523137,29.645499398031212,0.7996275549949918,0.0
P3_presplit_smote_kfold,M1+M2,4,Transfer(GNB+NMF),LR,78.36644591611478,78.36656021205488,21.633554448667404,0.8688326526758103,0.0
P3_presplit_smote_kfold,M1+M2,4,Transfer(GNB+NMF),RF,90.05323983898195,90.0533239806156,10.180496211137601,0.9634035349226209,0.0
P3_presplit_smote_kfold,M1+M2,4,Transfer(GNB+NMF),KNC,92.72821711466044,92.72907020271342,5.570986790410317,0.9778822164592096,0.0
P3_presplit_smote_kfold,M1+M2,4,MFCC,GNB,66.06934164394235,66.06870537927406,32.96974305881083,0.7351911630306851,1.0
P3_presplit_smote_kfold,M1+M2,4,MFCC,LR,81.56083625503182,81.56088990209997,18.40020638930013,0.8939401808267037,1.0
P3_presplit_smote_kfold,M1+M2,4,MFCC,RF,93.76704324113751,93.76667217487784,6.440722092760523,0.9812562768314521,1.0
P3_presplit_smote_kfold,M1+M2,4,MFCC,KNC,93.84495520062329,93.8441861955235,2.6750144168996433,0.9837826235047735,1.0
P3_presplit_smote_kfold,M1+M2,4,Transfer(GNB+NMF),GNB,69.2897026360213,69.28946436580817,29.91819294701663,0.7837702468915141,1.0
P3_presplit_smote_kfold,M1+M2,4,Transfer(GNB+NMF),LR,78.56122581482924,78.56128109750546,21.54265884725505,0.8655105943135026,1.0
P3_presplit_smote_kfold,M1+M2,4,Transfer(GNB+NMF),RF,89.79353330736268,89.79361069986882,10.154525557537761,0.964296876844267,1.0
P3_presplit_smote_kfold,M1+M2,4,Transfer(GNB+NMF),KNC,92.80612907414621,92.80530272116874,5.778188832720122,0.9759802311425266,1.0
P3_presplit_smote_kfold,M1+M2,4,MFCC,GNB,66.49350649350649,66.49350649350649,32.311688311688314,0.7472031708551189,2.0
P3_presplit_smote_kfold,M1+M2,4,MFCC,LR,82.03896103896103,82.03896103896105,18.0,0.8967550008433126,2.0
P3_presplit_smote_kfold,M1+M2,4,MFCC,RF,93.8051948051948,93.8051948051948,6.0649350649350655,0.9826026648676001,2.0
P3_presplit_smote_kfold,M1+M2,4,MFCC,KNC,93.32467532467533,93.32467532467533,2.623376623376624,0.9833345252150447,2.0
P3_presplit_smote_kfold,M1+M2,4,Transfer(GNB+NMF),GNB,69.33766233766234,69.33766233766234,29.42857142857143,0.7956984989036937,2.0
P3_presplit_smote_kfold,M1+M2,4,Transfer(GNB+NMF),LR,78.94805194805194,78.94805194805194,21.090909090909093,0.8716215888008095,2.0
P3_presplit_smote_kfold,M1+M2,4,Transfer(GNB+NMF),RF,91.25974025974027,91.25974025974027,8.896103896103897,0.9691959520998482,2.0
P3_presplit_smote_kfold,M1+M2,4,Transfer(GNB+NMF),KNC,92.41558441558442,92.41558441558442,5.5324675324675345,0.978073705515264,2.0
P3_presplit_smote_kfold,M1+M2,4,MFCC,GNB,68.15584415584416,68.15584415584415,31.402597402597397,0.7519706189913983,3.0
P3_presplit_smote_kfold,M1+M2,4,MFCC,LR,81.72727272727272,81.72727272727272,18.33766233766234,0.8915922415247091,3.0
P3_presplit_smote_kfold,M1+M2,4,MFCC,RF,93.54545454545455,93.54545454545455,6.3636363636363615,0.9810812615955472,3.0
P3_presplit_smote_kfold,M1+M2,4,MFCC,KNC,93.37662337662339,93.37662337662339,2.8571428571428554,0.9825965930173722,3.0
P3_presplit_smote_kfold,M1+M2,4,Transfer(GNB+NMF),GNB,69.66233766233766,69.66233766233766,29.441558441558442,0.79176373756114,3.0
P3_presplit_smote_kfold,M1+M2,4,Transfer(GNB+NMF),LR,78.87012987012987,78.87012987012987,21.0,0.8675337493675157,3.0
P3_presplit_smote_kfold,M1+M2,4,Transfer(GNB+NMF),RF,91.31168831168831,91.31168831168833,8.636363636363637,0.9697657615112162,3.0
P3_presplit_smote_kfold,M1+M2,4,Transfer(GNB+NMF),KNC,92.66233766233766,92.66233766233766,6.129870129870133,0.9744093439028505,3.0
P3_presplit_smote_kfold,M1+M2,4,MFCC,GNB,66.41558441558442,66.41558441558442,32.79220779220779,0.7450311688311688,4.0
P3_presplit_smote_kfold,M1+M2,4,MFCC,LR,80.98701298701299,80.98701298701299,19.090909090909093,0.8908041828301567,4.0
P3_presplit_smote_kfold,M1+M2,4,MFCC,RF,93.23376623376623,93.23376623376623,6.753246753246754,0.9785864732669927,4.0
P3_presplit_smote_kfold,M1+M2,4,MFCC,KNC,93.48051948051948,93.48051948051948,2.662337662337661,0.9831477146230394,4.0
P3_presplit_smote_kfold,M1+M2,4,Transfer(GNB+NMF),GNB,67.32467532467533,67.32467532467533,31.675324675324674,0.7748962050936077,4.0
P3_presplit_smote_kfold,M1+M2,4,Transfer(GNB+NMF),LR,78.24675324675324,78.24675324675324,21.766233766233768,0.8642808568055322,4.0
P3_presplit_smote_kfold,M1+M2,4,Transfer(GNB+NMF),RF,89.1948051948052,89.1948051948052,10.272727272727272,0.9626223646483387,4.0
P3_presplit_smote_kfold,M1+M2,4,Transfer(GNB+NMF),KNC,92.6103896103896,92.6103896103896,5.779220779220781,0.9775141170517794,4.0
