features,model,eer,bal_acc,f1_fake,auc
MFCC,GNB,26.689307497614205,73.05219700427368,71.74813587406794,0.8083600957083386
MFCC,LR,15.515787726650348,84.3283681175055,84.16578108395323,0.909100313956544
MFCC,RF,11.332614137725956,87.51158319848416,87.85950623568338,0.9564972407783908
MFCC,KNC,13.152746082458544,85.4596351465361,86.12774451097805,0.915085957705766
Transfer(GNB+NMF),GNB,23.92758253461129,76.71654011590114,75.76754385964912,0.8687447270514363
Transfer(GNB+NMF),LR,14.777464282256616,84.73482428115015,84.08903544929926,0.9222781903932064
Transfer(GNB+NMF),RF,11.885219147199978,87.60312850089208,87.83123231283766,0.9507705074478238
Transfer(GNB+NMF),KNC,15.049555343485055,83.93364037453495,84.67299051422866,0.9054241179480796
log-mel,AttentiveSpecCNN,4.811750549769717,93.8368670732888,93.49411104879417,0.9919627124738946
